A0A1M4BLQ7|IPR033195(15...377)|SxtG	cbdafdcee189a8f0eb8e9f5403e8f876	377	PANTHER	PTHR10488	GLYCINE AMIDINOTRANSFERASE, MITOCHONDRIAL	15	377	2.5E-112	T	28-10-2025	IPR033195	Glycine/inosamine-phosphate amidinotransferase	-	-
A0A1M4BLQ7|IPR033195(15...377)|SxtG	cbdafdcee189a8f0eb8e9f5403e8f876	377	SUPERFAMILY	SSF55909	Pentein	20	377	6.67E-94	T	28-10-2025	-	-	-	-
A0A1M4BLQ7|IPR033195(15...377)|SxtG	cbdafdcee189a8f0eb8e9f5403e8f876	377	CDD	cd21136	amidinotransferase_AGAT-like	21	370	0.0	T	28-10-2025	-	-	-	-
A0A1M4BLQ7|IPR033195(15...377)|SxtG	cbdafdcee189a8f0eb8e9f5403e8f876	377	Gene3D	G3DSA:3.75.10.10	-	9	377	1.4E-117	T	28-10-2025	-	-	-	-
A0A1M4BLL8|IPR033195(15...377)|SxtG	cbdafdcee189a8f0eb8e9f5403e8f876	377	PANTHER	PTHR10488	GLYCINE AMIDINOTRANSFERASE, MITOCHONDRIAL	15	377	2.5E-112	T	28-10-2025	IPR033195	Glycine/inosamine-phosphate amidinotransferase	-	-
A0A1M4BLL8|IPR033195(15...377)|SxtG	cbdafdcee189a8f0eb8e9f5403e8f876	377	SUPERFAMILY	SSF55909	Pentein	20	377	6.67E-94	T	28-10-2025	-	-	-	-
A0A1M4BLL8|IPR033195(15...377)|SxtG	cbdafdcee189a8f0eb8e9f5403e8f876	377	CDD	cd21136	amidinotransferase_AGAT-like	21	370	0.0	T	28-10-2025	-	-	-	-
A0A1M4BLL8|IPR033195(15...377)|SxtG	cbdafdcee189a8f0eb8e9f5403e8f876	377	Gene3D	G3DSA:3.75.10.10	-	9	377	1.4E-117	T	28-10-2025	-	-	-	-
A0A1M4BLS0|IPR033195(15...377)|SxtG	cbdafdcee189a8f0eb8e9f5403e8f876	377	PANTHER	PTHR10488	GLYCINE AMIDINOTRANSFERASE, MITOCHONDRIAL	15	377	2.5E-112	T	28-10-2025	IPR033195	Glycine/inosamine-phosphate amidinotransferase	-	-
A0A1M4BLS0|IPR033195(15...377)|SxtG	cbdafdcee189a8f0eb8e9f5403e8f876	377	SUPERFAMILY	SSF55909	Pentein	20	377	6.67E-94	T	28-10-2025	-	-	-	-
A0A1M4BLS0|IPR033195(15...377)|SxtG	cbdafdcee189a8f0eb8e9f5403e8f876	377	CDD	cd21136	amidinotransferase_AGAT-like	21	370	0.0	T	28-10-2025	-	-	-	-
A0A1M4BLS0|IPR033195(15...377)|SxtG	cbdafdcee189a8f0eb8e9f5403e8f876	377	Gene3D	G3DSA:3.75.10.10	-	9	377	1.4E-117	T	28-10-2025	-	-	-	-
A0A1M4BLN1|IPR033195(15...377)|SxtG	cbdafdcee189a8f0eb8e9f5403e8f876	377	PANTHER	PTHR10488	GLYCINE AMIDINOTRANSFERASE, MITOCHONDRIAL	15	377	2.5E-112	T	28-10-2025	IPR033195	Glycine/inosamine-phosphate amidinotransferase	-	-
A0A1M4BLN1|IPR033195(15...377)|SxtG	cbdafdcee189a8f0eb8e9f5403e8f876	377	SUPERFAMILY	SSF55909	Pentein	20	377	6.67E-94	T	28-10-2025	-	-	-	-
A0A1M4BLN1|IPR033195(15...377)|SxtG	cbdafdcee189a8f0eb8e9f5403e8f876	377	CDD	cd21136	amidinotransferase_AGAT-like	21	370	0.0	T	28-10-2025	-	-	-	-
A0A1M4BLN1|IPR033195(15...377)|SxtG	cbdafdcee189a8f0eb8e9f5403e8f876	377	Gene3D	G3DSA:3.75.10.10	-	9	377	1.4E-117	T	28-10-2025	-	-	-	-
B4YPJ3|IPR033195(15...377)|Amidinotransferase	cbdafdcee189a8f0eb8e9f5403e8f876	377	PANTHER	PTHR10488	GLYCINE AMIDINOTRANSFERASE, MITOCHONDRIAL	15	377	2.5E-112	T	28-10-2025	IPR033195	Glycine/inosamine-phosphate amidinotransferase	-	-
B4YPJ3|IPR033195(15...377)|Amidinotransferase	cbdafdcee189a8f0eb8e9f5403e8f876	377	SUPERFAMILY	SSF55909	Pentein	20	377	6.67E-94	T	28-10-2025	-	-	-	-
B4YPJ3|IPR033195(15...377)|Amidinotransferase	cbdafdcee189a8f0eb8e9f5403e8f876	377	CDD	cd21136	amidinotransferase_AGAT-like	21	370	0.0	T	28-10-2025	-	-	-	-
B4YPJ3|IPR033195(15...377)|Amidinotransferase	cbdafdcee189a8f0eb8e9f5403e8f876	377	Gene3D	G3DSA:3.75.10.10	-	9	377	1.4E-117	T	28-10-2025	-	-	-	-
C3RVM3|IPR033195(15...377)|SxtG	cbdafdcee189a8f0eb8e9f5403e8f876	377	PANTHER	PTHR10488	GLYCINE AMIDINOTRANSFERASE, MITOCHONDRIAL	15	377	2.5E-112	T	28-10-2025	IPR033195	Glycine/inosamine-phosphate amidinotransferase	-	-
C3RVM3|IPR033195(15...377)|SxtG	cbdafdcee189a8f0eb8e9f5403e8f876	377	SUPERFAMILY	SSF55909	Pentein	20	377	6.67E-94	T	28-10-2025	-	-	-	-
C3RVM3|IPR033195(15...377)|SxtG	cbdafdcee189a8f0eb8e9f5403e8f876	377	CDD	cd21136	amidinotransferase_AGAT-like	21	370	0.0	T	28-10-2025	-	-	-	-
C3RVM3|IPR033195(15...377)|SxtG	cbdafdcee189a8f0eb8e9f5403e8f876	377	Gene3D	G3DSA:3.75.10.10	-	9	377	1.4E-117	T	28-10-2025	-	-	-	-
A0A679BUF9|IPR033195(2...297)|Amidinotransferase	b2a149092d1b538a6e8c2bd8d4ec7902	297	PANTHER	PTHR10488	GLYCINE AMIDINOTRANSFERASE, MITOCHONDRIAL	2	297	3.4E-73	T	28-10-2025	IPR033195	Glycine/inosamine-phosphate amidinotransferase	-	-
A0A679BUF9|IPR033195(2...297)|Amidinotransferase	b2a149092d1b538a6e8c2bd8d4ec7902	297	Gene3D	G3DSA:3.75.10.10	-	1	297	1.1E-78	T	28-10-2025	-	-	-	-
A0A679BUF9|IPR033195(2...297)|Amidinotransferase	b2a149092d1b538a6e8c2bd8d4ec7902	297	SUPERFAMILY	SSF55909	Pentein	3	297	5.89E-72	T	28-10-2025	-	-	-	-
A0ABT2MZ33|IPR033195(21...377)|NarL	356408c5d5b3b3ff6fae4547ae18943d	387	PANTHER	PTHR10488	GLYCINE AMIDINOTRANSFERASE, MITOCHONDRIAL	21	377	0.0	T	28-10-2025	IPR033195	Glycine/inosamine-phosphate amidinotransferase	-	-
A0ABT2MZ33|IPR033195(21...377)|NarL	356408c5d5b3b3ff6fae4547ae18943d	387	CDD	cd21136	amidinotransferase_AGAT-like	22	370	0.0	T	28-10-2025	-	-	-	-
A0ABT2MZ33|IPR033195(21...377)|NarL	356408c5d5b3b3ff6fae4547ae18943d	387	Gene3D	G3DSA:3.75.10.10	-	21	378	6.1E-125	T	28-10-2025	-	-	-	-
A0ABT2MZ33|IPR033195(21...377)|NarL	356408c5d5b3b3ff6fae4547ae18943d	387	SUPERFAMILY	SSF55909	Pentein	21	377	1.64E-105	T	28-10-2025	-	-	-	-
X2KW95|IPR033195(33...347)|Cylindrospermopsin	4940b1b73b8d72b2dd1e6ebc7d5b48ca	358	SUPERFAMILY	SSF55909	Pentein	3	348	1.18E-90	T	28-10-2025	-	-	-	-
X2KW95|IPR033195(33...347)|Cylindrospermopsin	4940b1b73b8d72b2dd1e6ebc7d5b48ca	358	Gene3D	G3DSA:3.75.10.10	-	1	348	1.2E-96	T	28-10-2025	-	-	-	-
X2KW95|IPR033195(33...347)|Cylindrospermopsin	4940b1b73b8d72b2dd1e6ebc7d5b48ca	358	Pfam	PF02274	Arginine deiminase	284	339	0.058	T	28-10-2025	-	-	-	-
X2KW95|IPR033195(33...347)|Cylindrospermopsin	4940b1b73b8d72b2dd1e6ebc7d5b48ca	358	PANTHER	PTHR10488	GLYCINE AMIDINOTRANSFERASE, MITOCHONDRIAL	33	347	6.9E-85	T	28-10-2025	IPR033195	Glycine/inosamine-phosphate amidinotransferase	-	-
G1DTC2|IPR033195(1...262)|CyrA	6ae8c83c4debaeb3f80054a044cc0844	263	Gene3D	G3DSA:3.75.10.10	-	1	263	2.8E-71	T	28-10-2025	-	-	-	-
G1DTC2|IPR033195(1...262)|CyrA	6ae8c83c4debaeb3f80054a044cc0844	263	PANTHER	PTHR10488	GLYCINE AMIDINOTRANSFERASE, MITOCHONDRIAL	1	262	2.8E-68	T	28-10-2025	IPR033195	Glycine/inosamine-phosphate amidinotransferase	-	-
G1DTC2|IPR033195(1...262)|CyrA	6ae8c83c4debaeb3f80054a044cc0844	263	SUPERFAMILY	SSF55909	Pentein	1	262	9.81E-66	T	28-10-2025	-	-	-	-
H9A9W4|IPR033195(2...371)|Amidinotransferase	2549dab6881de681605acf3bd2d056a3	391	Pfam	PF02274	Arginine deiminase	308	363	0.066	T	28-10-2025	-	-	-	-
H9A9W4|IPR033195(2...371)|Amidinotransferase	2549dab6881de681605acf3bd2d056a3	391	SUPERFAMILY	SSF55909	Pentein	4	372	1.2E-99	T	28-10-2025	-	-	-	-
H9A9W4|IPR033195(2...371)|Amidinotransferase	2549dab6881de681605acf3bd2d056a3	391	Gene3D	G3DSA:3.75.10.10	-	5	372	7.0E-106	T	28-10-2025	-	-	-	-
H9A9W4|IPR033195(2...371)|Amidinotransferase	2549dab6881de681605acf3bd2d056a3	391	CDD	cd21136	amidinotransferase_AGAT-like	5	363	0.0	T	28-10-2025	-	-	-	-
H9A9W4|IPR033195(2...371)|Amidinotransferase	2549dab6881de681605acf3bd2d056a3	391	PANTHER	PTHR10488	GLYCINE AMIDINOTRANSFERASE, MITOCHONDRIAL	2	371	5.1E-90	T	28-10-2025	IPR033195	Glycine/inosamine-phosphate amidinotransferase	-	-
A0AA43GZ88|IPR033195(2...371)|Amidinotransferase	c34158d86fb6f17dd170c1fa5ca4461b	391	CDD	cd21136	amidinotransferase_AGAT-like	5	364	0.0	T	28-10-2025	-	-	-	-
A0AA43GZ88|IPR033195(2...371)|Amidinotransferase	c34158d86fb6f17dd170c1fa5ca4461b	391	Gene3D	G3DSA:3.75.10.10	-	5	372	2.3E-105	T	28-10-2025	-	-	-	-
A0AA43GZ88|IPR033195(2...371)|Amidinotransferase	c34158d86fb6f17dd170c1fa5ca4461b	391	Pfam	PF02274	Arginine deiminase	308	363	0.094	T	28-10-2025	-	-	-	-
A0AA43GZ88|IPR033195(2...371)|Amidinotransferase	c34158d86fb6f17dd170c1fa5ca4461b	391	PANTHER	PTHR10488	GLYCINE AMIDINOTRANSFERASE, MITOCHONDRIAL	2	371	8.0E-89	T	28-10-2025	IPR033195	Glycine/inosamine-phosphate amidinotransferase	-	-
A0AA43GZ88|IPR033195(2...371)|Amidinotransferase	c34158d86fb6f17dd170c1fa5ca4461b	391	SUPERFAMILY	SSF55909	Pentein	4	372	4.28E-100	T	28-10-2025	-	-	-	-
A0ABT6JZX3|IPR033195(2...371)|Arginine	c34158d86fb6f17dd170c1fa5ca4461b	391	CDD	cd21136	amidinotransferase_AGAT-like	5	364	0.0	T	28-10-2025	-	-	-	-
A0ABT6JZX3|IPR033195(2...371)|Arginine	c34158d86fb6f17dd170c1fa5ca4461b	391	Gene3D	G3DSA:3.75.10.10	-	5	372	2.3E-105	T	28-10-2025	-	-	-	-
A0ABT6JZX3|IPR033195(2...371)|Arginine	c34158d86fb6f17dd170c1fa5ca4461b	391	Pfam	PF02274	Arginine deiminase	308	363	0.094	T	28-10-2025	-	-	-	-
A0ABT6JZX3|IPR033195(2...371)|Arginine	c34158d86fb6f17dd170c1fa5ca4461b	391	PANTHER	PTHR10488	GLYCINE AMIDINOTRANSFERASE, MITOCHONDRIAL	2	371	8.0E-89	T	28-10-2025	IPR033195	Glycine/inosamine-phosphate amidinotransferase	-	-
A0ABT6JZX3|IPR033195(2...371)|Arginine	c34158d86fb6f17dd170c1fa5ca4461b	391	SUPERFAMILY	SSF55909	Pentein	4	372	4.28E-100	T	28-10-2025	-	-	-	-
A0AA40T0S7|IPR033195(14...387)|Amidinotransferase	5553ac7e672db862c5a3526ca3d2687d	387	PANTHER	PTHR10488	GLYCINE AMIDINOTRANSFERASE, MITOCHONDRIAL	14	387	1.9E-110	T	28-10-2025	IPR033195	Glycine/inosamine-phosphate amidinotransferase	-	-
A0AA40T0S7|IPR033195(14...387)|Amidinotransferase	5553ac7e672db862c5a3526ca3d2687d	387	CDD	cd21136	amidinotransferase_AGAT-like	32	380	0.0	T	28-10-2025	-	-	-	-
A0AA40T0S7|IPR033195(14...387)|Amidinotransferase	5553ac7e672db862c5a3526ca3d2687d	387	SUPERFAMILY	SSF55909	Pentein	32	387	6.25E-100	T	28-10-2025	-	-	-	-
A0AA40T0S7|IPR033195(14...387)|Amidinotransferase	5553ac7e672db862c5a3526ca3d2687d	387	Gene3D	G3DSA:3.75.10.10	-	18	387	7.2E-118	T	28-10-2025	-	-	-	-
A0A8J6XIC5|IPR033195(3...345)|Inosamine-phosphate	7fe3b1847f896505f5756bf472ff459c	347	PANTHER	PTHR10488	GLYCINE AMIDINOTRANSFERASE, MITOCHONDRIAL	3	345	5.4E-78	T	28-10-2025	IPR033195	Glycine/inosamine-phosphate amidinotransferase	-	-
A0A8J6XIC5|IPR033195(3...345)|Inosamine-phosphate	7fe3b1847f896505f5756bf472ff459c	347	Coils	Coil	Coil	57	77	-	T	28-10-2025	-	-	-	-
A0A8J6XIC5|IPR033195(3...345)|Inosamine-phosphate	7fe3b1847f896505f5756bf472ff459c	347	Gene3D	G3DSA:3.75.10.10	-	2	346	1.1E-102	T	28-10-2025	-	-	-	-
A0A8J6XIC5|IPR033195(3...345)|Inosamine-phosphate	7fe3b1847f896505f5756bf472ff459c	347	SUPERFAMILY	SSF55909	Pentein	1	345	1.45E-88	T	28-10-2025	-	-	-	-
A0AAJ6NXU7|IPR033195(18...370)|Inosamine-phosphate	24c3e4933a2427b5413930c2c32b007b	371	SUPERFAMILY	SSF55909	Pentein	28	370	9.98E-87	T	28-10-2025	-	-	-	-
A0AAJ6NXU7|IPR033195(18...370)|Inosamine-phosphate	24c3e4933a2427b5413930c2c32b007b	371	PANTHER	PTHR10488	GLYCINE AMIDINOTRANSFERASE, MITOCHONDRIAL	18	370	1.3E-78	T	28-10-2025	IPR033195	Glycine/inosamine-phosphate amidinotransferase	-	-
A0AAJ6NXU7|IPR033195(18...370)|Inosamine-phosphate	24c3e4933a2427b5413930c2c32b007b	371	Coils	Coil	Coil	82	102	-	T	28-10-2025	-	-	-	-
A0AAJ6NXU7|IPR033195(18...370)|Inosamine-phosphate	24c3e4933a2427b5413930c2c32b007b	371	Gene3D	G3DSA:3.75.10.10	-	28	370	7.5E-100	T	28-10-2025	-	-	-	-
J7I7M3|IPR033195(2...367)|Amidinotransferase	c581f24a4d622507f00cbbd4d884f406	368	Gene3D	G3DSA:3.75.10.10	-	1	368	1.0E-105	T	28-10-2025	-	-	-	-
J7I7M3|IPR033195(2...367)|Amidinotransferase	c581f24a4d622507f00cbbd4d884f406	368	PANTHER	PTHR10488	GLYCINE AMIDINOTRANSFERASE, MITOCHONDRIAL	2	367	6.1E-89	T	28-10-2025	IPR033195	Glycine/inosamine-phosphate amidinotransferase	-	-
J7I7M3|IPR033195(2...367)|Amidinotransferase	c581f24a4d622507f00cbbd4d884f406	368	Pfam	PF02274	Arginine deiminase	304	359	0.06	T	28-10-2025	-	-	-	-
J7I7M3|IPR033195(2...367)|Amidinotransferase	c581f24a4d622507f00cbbd4d884f406	368	SUPERFAMILY	SSF55909	Pentein	2	368	2.5E-99	T	28-10-2025	-	-	-	-
B3EYG2|IPR033195(16...377)|Amidinotransferase	c4a4782bcc6304c47e8973597df75a73	377	Gene3D	G3DSA:3.75.10.10	-	9	377	1.2E-115	T	28-10-2025	-	-	-	-
B3EYG2|IPR033195(16...377)|Amidinotransferase	c4a4782bcc6304c47e8973597df75a73	377	PANTHER	PTHR10488	GLYCINE AMIDINOTRANSFERASE, MITOCHONDRIAL	16	377	2.9E-112	T	28-10-2025	IPR033195	Glycine/inosamine-phosphate amidinotransferase	-	-
B3EYG2|IPR033195(16...377)|Amidinotransferase	c4a4782bcc6304c47e8973597df75a73	377	CDD	cd21136	amidinotransferase_AGAT-like	21	370	0.0	T	28-10-2025	-	-	-	-
B3EYG2|IPR033195(16...377)|Amidinotransferase	c4a4782bcc6304c47e8973597df75a73	377	SUPERFAMILY	SSF55909	Pentein	20	377	8.64E-94	T	28-10-2025	-	-	-	-
A0A9Q5QVP5|IPR033195(16...377)|Amidinotransferase	c4a4782bcc6304c47e8973597df75a73	377	Gene3D	G3DSA:3.75.10.10	-	9	377	1.2E-115	T	28-10-2025	-	-	-	-
A0A9Q5QVP5|IPR033195(16...377)|Amidinotransferase	c4a4782bcc6304c47e8973597df75a73	377	PANTHER	PTHR10488	GLYCINE AMIDINOTRANSFERASE, MITOCHONDRIAL	16	377	2.9E-112	T	28-10-2025	IPR033195	Glycine/inosamine-phosphate amidinotransferase	-	-
A0A9Q5QVP5|IPR033195(16...377)|Amidinotransferase	c4a4782bcc6304c47e8973597df75a73	377	CDD	cd21136	amidinotransferase_AGAT-like	21	370	0.0	T	28-10-2025	-	-	-	-
A0A9Q5QVP5|IPR033195(16...377)|Amidinotransferase	c4a4782bcc6304c47e8973597df75a73	377	SUPERFAMILY	SSF55909	Pentein	20	377	8.64E-94	T	28-10-2025	-	-	-	-
A0ABR8GY88|IPR033195(14...377)|Amidinotransferase	1e42e3735795af0baf8db567c560be24	389	Gene3D	G3DSA:3.75.10.10	-	20	378	2.1E-124	T	28-10-2025	-	-	-	-
A0ABR8GY88|IPR033195(14...377)|Amidinotransferase	1e42e3735795af0baf8db567c560be24	389	SUPERFAMILY	SSF55909	Pentein	20	377	3.39E-105	T	28-10-2025	-	-	-	-
A0ABR8GY88|IPR033195(14...377)|Amidinotransferase	1e42e3735795af0baf8db567c560be24	389	PANTHER	PTHR10488	GLYCINE AMIDINOTRANSFERASE, MITOCHONDRIAL	14	377	0.0	T	28-10-2025	IPR033195	Glycine/inosamine-phosphate amidinotransferase	-	-
A0ABR8GY88|IPR033195(14...377)|Amidinotransferase	1e42e3735795af0baf8db567c560be24	389	CDD	cd21136	amidinotransferase_AGAT-like	22	371	0.0	T	28-10-2025	-	-	-	-
A0A2P7EB63|IPR033195(2...350)|Inosamine-phosphate	2f3e0d55c5b0f50c6abcc23bf275a29d	352	PANTHER	PTHR10488	GLYCINE AMIDINOTRANSFERASE, MITOCHONDRIAL	2	350	6.9E-65	T	28-10-2025	IPR033195	Glycine/inosamine-phosphate amidinotransferase	-	-
A0A2P7EB63|IPR033195(2...350)|Inosamine-phosphate	2f3e0d55c5b0f50c6abcc23bf275a29d	352	Gene3D	G3DSA:3.75.10.10	-	1	351	2.4E-90	T	28-10-2025	-	-	-	-
A0A2P7EB63|IPR033195(2...350)|Inosamine-phosphate	2f3e0d55c5b0f50c6abcc23bf275a29d	352	SUPERFAMILY	SSF55909	Pentein	2	351	5.71E-75	T	28-10-2025	-	-	-	-
A0A433UHK4|IPR033195(11...130)|Inosamine-phosphate	210009dcf84094052009c7ef949ca691	132	PANTHER	PTHR10488	GLYCINE AMIDINOTRANSFERASE, MITOCHONDRIAL	11	130	8.6E-23	T	28-10-2025	IPR033195	Glycine/inosamine-phosphate amidinotransferase	-	-
A0A433UHK4|IPR033195(11...130)|Inosamine-phosphate	210009dcf84094052009c7ef949ca691	132	Gene3D	G3DSA:3.75.10.10	-	1	132	6.1E-38	T	28-10-2025	-	-	-	-
A0A433UHK4|IPR033195(11...130)|Inosamine-phosphate	210009dcf84094052009c7ef949ca691	132	SUPERFAMILY	SSF55909	Pentein	8	131	1.78E-32	T	28-10-2025	-	-	-	-
A0A6J7ZLV4|IPR033195(2...76)|Inosamine-phosphate	886f464fb150389b65011a9b93c2d03f	80	SUPERFAMILY	SSF55909	Pentein	4	78	4.49E-22	T	28-10-2025	-	-	-	-
A0A6J7ZLV4|IPR033195(2...76)|Inosamine-phosphate	886f464fb150389b65011a9b93c2d03f	80	Gene3D	G3DSA:3.75.10.10	-	1	80	3.2E-24	T	28-10-2025	-	-	-	-
A0A6J7ZLV4|IPR033195(2...76)|Inosamine-phosphate	886f464fb150389b65011a9b93c2d03f	80	PANTHER	PTHR10488	GLYCINE AMIDINOTRANSFERASE, MITOCHONDRIAL	2	76	2.0E-34	T	28-10-2025	IPR033195	Glycine/inosamine-phosphate amidinotransferase	-	-
B0LI36|IPR033195(2...371)|Amidinotransferase	71f99b96f0ed4e20b33c5935c857ab72	391	Pfam	PF02274	Arginine deiminase	308	363	0.066	T	28-10-2025	-	-	-	-
B0LI36|IPR033195(2...371)|Amidinotransferase	71f99b96f0ed4e20b33c5935c857ab72	391	PANTHER	PTHR10488	GLYCINE AMIDINOTRANSFERASE, MITOCHONDRIAL	2	371	5.3E-90	T	28-10-2025	IPR033195	Glycine/inosamine-phosphate amidinotransferase	-	-
B0LI36|IPR033195(2...371)|Amidinotransferase	71f99b96f0ed4e20b33c5935c857ab72	391	CDD	cd21136	amidinotransferase_AGAT-like	5	363	0.0	T	28-10-2025	-	-	-	-
B0LI36|IPR033195(2...371)|Amidinotransferase	71f99b96f0ed4e20b33c5935c857ab72	391	Gene3D	G3DSA:3.75.10.10	-	5	372	2.5E-106	T	28-10-2025	-	-	-	-
B0LI36|IPR033195(2...371)|Amidinotransferase	71f99b96f0ed4e20b33c5935c857ab72	391	SUPERFAMILY	SSF55909	Pentein	4	372	3.75E-100	T	28-10-2025	-	-	-	-
X2L312|IPR033195(2...371)|Cylindrospermopsin	71f99b96f0ed4e20b33c5935c857ab72	391	Pfam	PF02274	Arginine deiminase	308	363	0.066	T	28-10-2025	-	-	-	-
X2L312|IPR033195(2...371)|Cylindrospermopsin	71f99b96f0ed4e20b33c5935c857ab72	391	PANTHER	PTHR10488	GLYCINE AMIDINOTRANSFERASE, MITOCHONDRIAL	2	371	5.3E-90	T	28-10-2025	IPR033195	Glycine/inosamine-phosphate amidinotransferase	-	-
X2L312|IPR033195(2...371)|Cylindrospermopsin	71f99b96f0ed4e20b33c5935c857ab72	391	CDD	cd21136	amidinotransferase_AGAT-like	5	363	0.0	T	28-10-2025	-	-	-	-
X2L312|IPR033195(2...371)|Cylindrospermopsin	71f99b96f0ed4e20b33c5935c857ab72	391	Gene3D	G3DSA:3.75.10.10	-	5	372	2.5E-106	T	28-10-2025	-	-	-	-
X2L312|IPR033195(2...371)|Cylindrospermopsin	71f99b96f0ed4e20b33c5935c857ab72	391	SUPERFAMILY	SSF55909	Pentein	4	372	3.75E-100	T	28-10-2025	-	-	-	-
A0A838WIF0|IPR033195(2...371)|Amidinotransferase	71f99b96f0ed4e20b33c5935c857ab72	391	Pfam	PF02274	Arginine deiminase	308	363	0.066	T	28-10-2025	-	-	-	-
A0A838WIF0|IPR033195(2...371)|Amidinotransferase	71f99b96f0ed4e20b33c5935c857ab72	391	PANTHER	PTHR10488	GLYCINE AMIDINOTRANSFERASE, MITOCHONDRIAL	2	371	5.3E-90	T	28-10-2025	IPR033195	Glycine/inosamine-phosphate amidinotransferase	-	-
A0A838WIF0|IPR033195(2...371)|Amidinotransferase	71f99b96f0ed4e20b33c5935c857ab72	391	CDD	cd21136	amidinotransferase_AGAT-like	5	363	0.0	T	28-10-2025	-	-	-	-
A0A838WIF0|IPR033195(2...371)|Amidinotransferase	71f99b96f0ed4e20b33c5935c857ab72	391	Gene3D	G3DSA:3.75.10.10	-	5	372	2.5E-106	T	28-10-2025	-	-	-	-
A0A838WIF0|IPR033195(2...371)|Amidinotransferase	71f99b96f0ed4e20b33c5935c857ab72	391	SUPERFAMILY	SSF55909	Pentein	4	372	3.75E-100	T	28-10-2025	-	-	-	-
A0A853MFM9|IPR033195(2...371)|Amidinotransferase	71f99b96f0ed4e20b33c5935c857ab72	391	Pfam	PF02274	Arginine deiminase	308	363	0.066	T	28-10-2025	-	-	-	-
A0A853MFM9|IPR033195(2...371)|Amidinotransferase	71f99b96f0ed4e20b33c5935c857ab72	391	PANTHER	PTHR10488	GLYCINE AMIDINOTRANSFERASE, MITOCHONDRIAL	2	371	5.3E-90	T	28-10-2025	IPR033195	Glycine/inosamine-phosphate amidinotransferase	-	-
A0A853MFM9|IPR033195(2...371)|Amidinotransferase	71f99b96f0ed4e20b33c5935c857ab72	391	CDD	cd21136	amidinotransferase_AGAT-like	5	363	0.0	T	28-10-2025	-	-	-	-
A0A853MFM9|IPR033195(2...371)|Amidinotransferase	71f99b96f0ed4e20b33c5935c857ab72	391	Gene3D	G3DSA:3.75.10.10	-	5	372	2.5E-106	T	28-10-2025	-	-	-	-
A0A853MFM9|IPR033195(2...371)|Amidinotransferase	71f99b96f0ed4e20b33c5935c857ab72	391	SUPERFAMILY	SSF55909	Pentein	4	372	3.75E-100	T	28-10-2025	-	-	-	-
A0ABX4WRL5|IPR033195(2...371)|Glycine	71f99b96f0ed4e20b33c5935c857ab72	391	Pfam	PF02274	Arginine deiminase	308	363	0.066	T	28-10-2025	-	-	-	-
A0ABX4WRL5|IPR033195(2...371)|Glycine	71f99b96f0ed4e20b33c5935c857ab72	391	PANTHER	PTHR10488	GLYCINE AMIDINOTRANSFERASE, MITOCHONDRIAL	2	371	5.3E-90	T	28-10-2025	IPR033195	Glycine/inosamine-phosphate amidinotransferase	-	-
A0ABX4WRL5|IPR033195(2...371)|Glycine	71f99b96f0ed4e20b33c5935c857ab72	391	CDD	cd21136	amidinotransferase_AGAT-like	5	363	0.0	T	28-10-2025	-	-	-	-
A0ABX4WRL5|IPR033195(2...371)|Glycine	71f99b96f0ed4e20b33c5935c857ab72	391	Gene3D	G3DSA:3.75.10.10	-	5	372	2.5E-106	T	28-10-2025	-	-	-	-
A0ABX4WRL5|IPR033195(2...371)|Glycine	71f99b96f0ed4e20b33c5935c857ab72	391	SUPERFAMILY	SSF55909	Pentein	4	372	3.75E-100	T	28-10-2025	-	-	-	-
I1X0A2|IPR033195(3...224)|SxtG	a08ba85f85f0e38f0bb0d830f23f4f97	224	PANTHER	PTHR10488	GLYCINE AMIDINOTRANSFERASE, MITOCHONDRIAL	3	224	3.7E-66	T	28-10-2025	IPR033195	Glycine/inosamine-phosphate amidinotransferase	-	-
I1X0A2|IPR033195(3...224)|SxtG	a08ba85f85f0e38f0bb0d830f23f4f97	224	Gene3D	G3DSA:3.75.10.10	-	1	224	7.1E-71	T	28-10-2025	-	-	-	-
I1X0A2|IPR033195(3...224)|SxtG	a08ba85f85f0e38f0bb0d830f23f4f97	224	SUPERFAMILY	SSF55909	Pentein	3	224	5.1E-59	T	28-10-2025	-	-	-	-
Q2KMY3|IPR033195(38...334)|AoaA	a7818f8f5c3c9e235cfba27dde31fa37	334	SUPERFAMILY	SSF55909	Pentein	1	334	1.88E-81	T	28-10-2025	-	-	-	-
Q2KMY3|IPR033195(38...334)|AoaA	a7818f8f5c3c9e235cfba27dde31fa37	334	Gene3D	G3DSA:3.75.10.10	-	1	334	6.5E-87	T	28-10-2025	-	-	-	-
Q2KMY3|IPR033195(38...334)|AoaA	a7818f8f5c3c9e235cfba27dde31fa37	334	PANTHER	PTHR10488	GLYCINE AMIDINOTRANSFERASE, MITOCHONDRIAL	38	334	9.8E-77	T	28-10-2025	IPR033195	Glycine/inosamine-phosphate amidinotransferase	-	-
A0AAE3GQS8|IPR033195(3...378)|Glycine	64dfa0d53114ab2b4e197242c32fb428	380	Gene3D	G3DSA:3.75.10.10	-	1	379	2.7E-101	T	28-10-2025	-	-	-	-
A0AAE3GQS8|IPR033195(3...378)|Glycine	64dfa0d53114ab2b4e197242c32fb428	380	PANTHER	PTHR10488	GLYCINE AMIDINOTRANSFERASE, MITOCHONDRIAL	3	378	2.5E-76	T	28-10-2025	IPR033195	Glycine/inosamine-phosphate amidinotransferase	-	-
A0AAE3GQS8|IPR033195(3...378)|Glycine	64dfa0d53114ab2b4e197242c32fb428	380	Coils	Coil	Coil	73	93	-	T	28-10-2025	-	-	-	-
A0AAE3GQS8|IPR033195(3...378)|Glycine	64dfa0d53114ab2b4e197242c32fb428	380	SUPERFAMILY	SSF55909	Pentein	2	379	1.55E-82	T	28-10-2025	-	-	-	-
X2KT49|IPR033195(33...347)|Cylindrospermopsin	3d7cd021d95ed5f054e7dc5d73a7e569	358	Coils	Coil	Coil	32	53	-	T	28-10-2025	-	-	-	-
X2KT49|IPR033195(33...347)|Cylindrospermopsin	3d7cd021d95ed5f054e7dc5d73a7e569	358	Gene3D	G3DSA:3.75.10.10	-	1	348	5.4E-97	T	28-10-2025	-	-	-	-
X2KT49|IPR033195(33...347)|Cylindrospermopsin	3d7cd021d95ed5f054e7dc5d73a7e569	358	PANTHER	PTHR10488	GLYCINE AMIDINOTRANSFERASE, MITOCHONDRIAL	33	347	9.9E-86	T	28-10-2025	IPR033195	Glycine/inosamine-phosphate amidinotransferase	-	-
X2KT49|IPR033195(33...347)|Cylindrospermopsin	3d7cd021d95ed5f054e7dc5d73a7e569	358	Pfam	PF02274	Arginine deiminase	284	339	0.058	T	28-10-2025	-	-	-	-
X2KT49|IPR033195(33...347)|Cylindrospermopsin	3d7cd021d95ed5f054e7dc5d73a7e569	358	SUPERFAMILY	SSF55909	Pentein	3	348	5.71E-91	T	28-10-2025	-	-	-	-
A0A510PPM5|IPR033195(17...200)|Amidinotransferase	bc3790199e57cd4550302ef298eb8ce1	200	SUPERFAMILY	SSF55909	Pentein	17	200	1.02E-54	T	28-10-2025	-	-	-	-
A0A510PPM5|IPR033195(17...200)|Amidinotransferase	bc3790199e57cd4550302ef298eb8ce1	200	Gene3D	G3DSA:3.75.10.10	-	1	200	2.2E-59	T	28-10-2025	-	-	-	-
A0A510PPM5|IPR033195(17...200)|Amidinotransferase	bc3790199e57cd4550302ef298eb8ce1	200	PANTHER	PTHR10488	GLYCINE AMIDINOTRANSFERASE, MITOCHONDRIAL	17	200	3.1E-56	T	28-10-2025	IPR033195	Glycine/inosamine-phosphate amidinotransferase	-	-
A0ABT3AW24|IPR033195(2...378)|Glycine	337b6a75b1371f3983a78d268a973f46	379	PANTHER	PTHR10488	GLYCINE AMIDINOTRANSFERASE, MITOCHONDRIAL	2	378	3.4E-78	T	28-10-2025	IPR033195	Glycine/inosamine-phosphate amidinotransferase	-	-
A0ABT3AW24|IPR033195(2...378)|Glycine	337b6a75b1371f3983a78d268a973f46	379	SUPERFAMILY	SSF55909	Pentein	2	378	3.39E-83	T	28-10-2025	-	-	-	-
A0ABT3AW24|IPR033195(2...378)|Glycine	337b6a75b1371f3983a78d268a973f46	379	Coils	Coil	Coil	72	92	-	T	28-10-2025	-	-	-	-
A0ABT3AW24|IPR033195(2...378)|Glycine	337b6a75b1371f3983a78d268a973f46	379	Gene3D	G3DSA:3.75.10.10	-	1	378	7.2E-102	T	28-10-2025	-	-	-	-
A0ABV4XB13|IPR033195(2...388)|Glycine	a5334b593ee83045214210c782e19a8b	389	PANTHER	PTHR10488	GLYCINE AMIDINOTRANSFERASE, MITOCHONDRIAL	2	388	9.6E-75	T	28-10-2025	IPR033195	Glycine/inosamine-phosphate amidinotransferase	-	-
A0ABV4XB13|IPR033195(2...388)|Glycine	a5334b593ee83045214210c782e19a8b	389	SUPERFAMILY	SSF55909	Pentein	1	388	2.32E-82	T	28-10-2025	-	-	-	-
A0ABV4XB13|IPR033195(2...388)|Glycine	a5334b593ee83045214210c782e19a8b	389	Coils	Coil	Coil	82	102	-	T	28-10-2025	-	-	-	-
A0ABV4XB13|IPR033195(2...388)|Glycine	a5334b593ee83045214210c782e19a8b	389	Gene3D	G3DSA:3.75.10.10	-	1	388	2.2E-98	T	28-10-2025	-	-	-	-
A0A0V7ZWU8|IPR033195(165...328)|Amidinotransferase	bb71e9c8cf138c2ec315786125f7717f	329	SUPERFAMILY	SSF55909	Pentein	1	326	2.94E-58	T	28-10-2025	-	-	-	-
A0A0V7ZWU8|IPR033195(165...328)|Amidinotransferase	bb71e9c8cf138c2ec315786125f7717f	329	Gene3D	G3DSA:3.75.10.10	-	1	329	2.9E-79	T	28-10-2025	-	-	-	-
A0A0V7ZWU8|IPR033195(165...328)|Amidinotransferase	bb71e9c8cf138c2ec315786125f7717f	329	PANTHER	PTHR10488	GLYCINE AMIDINOTRANSFERASE, MITOCHONDRIAL	165	328	1.3E-35	T	28-10-2025	IPR033195	Glycine/inosamine-phosphate amidinotransferase	-	-
B4YPJ9|IPR033195(1...235)|Amidinotransferase	1b9b5a86f1c16f9a9ab509e24e9c7671	235	SUPERFAMILY	SSF55909	Pentein	1	235	3.53E-64	T	28-10-2025	-	-	-	-
B4YPJ9|IPR033195(1...235)|Amidinotransferase	1b9b5a86f1c16f9a9ab509e24e9c7671	235	Gene3D	G3DSA:3.75.10.10	-	1	235	1.1E-77	T	28-10-2025	-	-	-	-
B4YPJ9|IPR033195(1...235)|Amidinotransferase	1b9b5a86f1c16f9a9ab509e24e9c7671	235	PANTHER	PTHR10488	GLYCINE AMIDINOTRANSFERASE, MITOCHONDRIAL	1	235	4.8E-74	T	28-10-2025	IPR033195	Glycine/inosamine-phosphate amidinotransferase	-	-
B4YPK0|IPR033195(1...235)|Amidinotransferase	1b9b5a86f1c16f9a9ab509e24e9c7671	235	SUPERFAMILY	SSF55909	Pentein	1	235	3.53E-64	T	28-10-2025	-	-	-	-
B4YPK0|IPR033195(1...235)|Amidinotransferase	1b9b5a86f1c16f9a9ab509e24e9c7671	235	Gene3D	G3DSA:3.75.10.10	-	1	235	1.1E-77	T	28-10-2025	-	-	-	-
B4YPK0|IPR033195(1...235)|Amidinotransferase	1b9b5a86f1c16f9a9ab509e24e9c7671	235	PANTHER	PTHR10488	GLYCINE AMIDINOTRANSFERASE, MITOCHONDRIAL	1	235	4.8E-74	T	28-10-2025	IPR033195	Glycine/inosamine-phosphate amidinotransferase	-	-
Q2KMY5|IPR033195(38...334)|AoaA	998f656201a12116e81fd5d129005b3f	334	Gene3D	G3DSA:3.75.10.10	-	1	334	4.8E-87	T	28-10-2025	-	-	-	-
Q2KMY5|IPR033195(38...334)|AoaA	998f656201a12116e81fd5d129005b3f	334	SUPERFAMILY	SSF55909	Pentein	1	334	3.34E-81	T	28-10-2025	-	-	-	-
Q2KMY5|IPR033195(38...334)|AoaA	998f656201a12116e81fd5d129005b3f	334	PANTHER	PTHR10488	GLYCINE AMIDINOTRANSFERASE, MITOCHONDRIAL	38	334	9.7E-77	T	28-10-2025	IPR033195	Glycine/inosamine-phosphate amidinotransferase	-	-
X2L3A9|IPR033195(33...347)|Cylindrospermopsin	5a926217e86b31500c8c20f8d10daa8a	358	Gene3D	G3DSA:3.75.10.10	-	1	348	4.9E-96	T	28-10-2025	-	-	-	-
X2L3A9|IPR033195(33...347)|Cylindrospermopsin	5a926217e86b31500c8c20f8d10daa8a	358	SUPERFAMILY	SSF55909	Pentein	3	348	2.68E-90	T	28-10-2025	-	-	-	-
X2L3A9|IPR033195(33...347)|Cylindrospermopsin	5a926217e86b31500c8c20f8d10daa8a	358	PANTHER	PTHR10488	GLYCINE AMIDINOTRANSFERASE, MITOCHONDRIAL	33	347	7.3E-84	T	28-10-2025	IPR033195	Glycine/inosamine-phosphate amidinotransferase	-	-
X2L3A9|IPR033195(33...347)|Cylindrospermopsin	5a926217e86b31500c8c20f8d10daa8a	358	Pfam	PF02274	Arginine deiminase	284	339	0.058	T	28-10-2025	-	-	-	-
A0A1W6QDX9|IPR033195(2...361)|Amidinotransferase	8893da4917fac3af89adbf61f5f3ce87	364	PANTHER	PTHR10488	GLYCINE AMIDINOTRANSFERASE, MITOCHONDRIAL	2	361	4.7E-109	T	28-10-2025	IPR033195	Glycine/inosamine-phosphate amidinotransferase	-	-
A0A1W6QDX9|IPR033195(2...361)|Amidinotransferase	8893da4917fac3af89adbf61f5f3ce87	364	Gene3D	G3DSA:3.75.10.10	-	1	361	5.2E-112	T	28-10-2025	-	-	-	-
A0A1W6QDX9|IPR033195(2...361)|Amidinotransferase	8893da4917fac3af89adbf61f5f3ce87	364	SUPERFAMILY	SSF55909	Pentein	1	362	2.32E-89	T	28-10-2025	-	-	-	-
A3PE84|IPR033195(12...401)|Inosamine-phosphate	f5c7ce3043f515ce11ea6f5ee8033a19	401	PANTHER	PTHR10488	GLYCINE AMIDINOTRANSFERASE, MITOCHONDRIAL	12	401	2.0E-60	T	28-10-2025	IPR033195	Glycine/inosamine-phosphate amidinotransferase	-	-
A3PE84|IPR033195(12...401)|Inosamine-phosphate	f5c7ce3043f515ce11ea6f5ee8033a19	401	SUPERFAMILY	SSF55909	Pentein	11	401	2.94E-76	T	28-10-2025	-	-	-	-
A3PE84|IPR033195(12...401)|Inosamine-phosphate	f5c7ce3043f515ce11ea6f5ee8033a19	401	Gene3D	G3DSA:3.75.10.10	-	11	401	1.8E-91	T	28-10-2025	-	-	-	-
A0A552FJS0|IPR033195(7...372)|Amidinotransferase	83d862d07da247466fa5aeb73ead142a	372	Gene3D	G3DSA:3.75.10.10	-	6	372	6.8E-119	T	28-10-2025	-	-	-	-
A0A552FJS0|IPR033195(7...372)|Amidinotransferase	83d862d07da247466fa5aeb73ead142a	372	PANTHER	PTHR10488	GLYCINE AMIDINOTRANSFERASE, MITOCHONDRIAL	7	372	1.1E-118	T	28-10-2025	IPR033195	Glycine/inosamine-phosphate amidinotransferase	-	-
A0A552FJS0|IPR033195(7...372)|Amidinotransferase	83d862d07da247466fa5aeb73ead142a	372	CDD	cd21136	amidinotransferase_AGAT-like	18	365	0.0	T	28-10-2025	-	-	-	-
A0A552FJS0|IPR033195(7...372)|Amidinotransferase	83d862d07da247466fa5aeb73ead142a	372	SUPERFAMILY	SSF55909	Pentein	17	372	2.55E-104	T	28-10-2025	-	-	-	-
B4YPJ7|IPR033195(1...236)|Amidinotransferase	2cd2ddcb215d832eb68fddf30245717d	236	PANTHER	PTHR10488	GLYCINE AMIDINOTRANSFERASE, MITOCHONDRIAL	1	236	4.8E-75	T	28-10-2025	IPR033195	Glycine/inosamine-phosphate amidinotransferase	-	-
B4YPJ7|IPR033195(1...236)|Amidinotransferase	2cd2ddcb215d832eb68fddf30245717d	236	Gene3D	G3DSA:3.75.10.10	-	1	236	2.4E-78	T	28-10-2025	-	-	-	-
B4YPJ7|IPR033195(1...236)|Amidinotransferase	2cd2ddcb215d832eb68fddf30245717d	236	SUPERFAMILY	SSF55909	Pentein	1	236	1.0E-64	T	28-10-2025	-	-	-	-
B4YPK1|IPR033195(1...236)|Amidinotransferase	2cd2ddcb215d832eb68fddf30245717d	236	PANTHER	PTHR10488	GLYCINE AMIDINOTRANSFERASE, MITOCHONDRIAL	1	236	4.8E-75	T	28-10-2025	IPR033195	Glycine/inosamine-phosphate amidinotransferase	-	-
B4YPK1|IPR033195(1...236)|Amidinotransferase	2cd2ddcb215d832eb68fddf30245717d	236	Gene3D	G3DSA:3.75.10.10	-	1	236	2.4E-78	T	28-10-2025	-	-	-	-
B4YPK1|IPR033195(1...236)|Amidinotransferase	2cd2ddcb215d832eb68fddf30245717d	236	SUPERFAMILY	SSF55909	Pentein	1	236	1.0E-64	T	28-10-2025	-	-	-	-
G8FGE4|IPR033195(14...277)|Amidinotransferase	cfa563590609ba05471fc9761af413c8	278	Gene3D	G3DSA:3.75.10.10	-	3	278	3.5E-72	T	28-10-2025	-	-	-	-
G8FGE4|IPR033195(14...277)|Amidinotransferase	cfa563590609ba05471fc9761af413c8	278	PANTHER	PTHR10488	GLYCINE AMIDINOTRANSFERASE, MITOCHONDRIAL	14	277	1.7E-67	T	28-10-2025	IPR033195	Glycine/inosamine-phosphate amidinotransferase	-	-
G8FGE4|IPR033195(14...277)|Amidinotransferase	cfa563590609ba05471fc9761af413c8	278	SUPERFAMILY	SSF55909	Pentein	4	277	5.5E-67	T	28-10-2025	-	-	-	-
S5MCP6|IPR033195(2...367)|Amidinotransferase	7d7cbb1fff048cf06ee41374870de97f	368	Gene3D	G3DSA:3.75.10.10	-	1	368	6.8E-102	T	28-10-2025	-	-	-	-
S5MCP6|IPR033195(2...367)|Amidinotransferase	7d7cbb1fff048cf06ee41374870de97f	368	PANTHER	PTHR10488	GLYCINE AMIDINOTRANSFERASE, MITOCHONDRIAL	2	367	1.8E-85	T	28-10-2025	IPR033195	Glycine/inosamine-phosphate amidinotransferase	-	-
S5MCP6|IPR033195(2...367)|Amidinotransferase	7d7cbb1fff048cf06ee41374870de97f	368	Pfam	PF02274	Arginine deiminase	304	359	0.055	T	28-10-2025	-	-	-	-
S5MCP6|IPR033195(2...367)|Amidinotransferase	7d7cbb1fff048cf06ee41374870de97f	368	SUPERFAMILY	SSF55909	Pentein	2	368	1.78E-96	T	28-10-2025	-	-	-	-
B8HLY4|IPR033195(7...364)|Non-specific	4cf8de9d366d6ab7e1813d297ca48368	364	SUPERFAMILY	SSF55909	Pentein	12	364	2.14E-106	T	28-10-2025	-	-	-	-
B8HLY4|IPR033195(7...364)|Non-specific	4cf8de9d366d6ab7e1813d297ca48368	364	Gene3D	G3DSA:3.75.10.10	-	3	364	1.8E-117	T	28-10-2025	-	-	-	-
B8HLY4|IPR033195(7...364)|Non-specific	4cf8de9d366d6ab7e1813d297ca48368	364	PANTHER	PTHR10488	GLYCINE AMIDINOTRANSFERASE, MITOCHONDRIAL	7	364	7.9E-116	T	28-10-2025	IPR033195	Glycine/inosamine-phosphate amidinotransferase	-	-
B8HLY4|IPR033195(7...364)|Non-specific	4cf8de9d366d6ab7e1813d297ca48368	364	CDD	cd21136	amidinotransferase_AGAT-like	13	357	0.0	T	28-10-2025	-	-	-	-
A0A928ZVQ0|IPR033195(3...373)|NarL	fecc9af59b8a3cc363430ca92e1c366b	373	SUPERFAMILY	SSF55909	Pentein	5	373	2.36E-91	T	28-10-2025	-	-	-	-
A0A928ZVQ0|IPR033195(3...373)|NarL	fecc9af59b8a3cc363430ca92e1c366b	373	PANTHER	PTHR10488	GLYCINE AMIDINOTRANSFERASE, MITOCHONDRIAL	3	373	1.2E-129	T	28-10-2025	IPR033195	Glycine/inosamine-phosphate amidinotransferase	-	-
A0A928ZVQ0|IPR033195(3...373)|NarL	fecc9af59b8a3cc363430ca92e1c366b	373	Gene3D	G3DSA:3.75.10.10	-	5	373	6.6E-109	T	28-10-2025	-	-	-	-
A0A928ZVQ0|IPR033195(3...373)|NarL	fecc9af59b8a3cc363430ca92e1c366b	373	CDD	cd21136	amidinotransferase_AGAT-like	6	366	0.0	T	28-10-2025	-	-	-	-
A0A2S1XZ69|IPR033195(1...175)|Amidinotransferase	89724e887cd6864da0f1ff7b19d410f1	176	Gene3D	G3DSA:3.75.10.10	-	1	176	1.3E-51	T	28-10-2025	-	-	-	-
A0A2S1XZ69|IPR033195(1...175)|Amidinotransferase	89724e887cd6864da0f1ff7b19d410f1	176	PANTHER	PTHR10488	GLYCINE AMIDINOTRANSFERASE, MITOCHONDRIAL	1	175	7.5E-51	T	28-10-2025	IPR033195	Glycine/inosamine-phosphate amidinotransferase	-	-
A0A2S1XZ69|IPR033195(1...175)|Amidinotransferase	89724e887cd6864da0f1ff7b19d410f1	176	SUPERFAMILY	SSF55909	Pentein	1	176	2.55E-41	T	28-10-2025	-	-	-	-
A0A2S1XZA5|IPR033195(1...175)|Amidinotransferase	89724e887cd6864da0f1ff7b19d410f1	176	Gene3D	G3DSA:3.75.10.10	-	1	176	1.3E-51	T	28-10-2025	-	-	-	-
A0A2S1XZA5|IPR033195(1...175)|Amidinotransferase	89724e887cd6864da0f1ff7b19d410f1	176	PANTHER	PTHR10488	GLYCINE AMIDINOTRANSFERASE, MITOCHONDRIAL	1	175	7.5E-51	T	28-10-2025	IPR033195	Glycine/inosamine-phosphate amidinotransferase	-	-
A0A2S1XZA5|IPR033195(1...175)|Amidinotransferase	89724e887cd6864da0f1ff7b19d410f1	176	SUPERFAMILY	SSF55909	Pentein	1	176	2.55E-41	T	28-10-2025	-	-	-	-
A0A2S1XZA6|IPR033195(1...175)|Amidinotransferase	89724e887cd6864da0f1ff7b19d410f1	176	Gene3D	G3DSA:3.75.10.10	-	1	176	1.3E-51	T	28-10-2025	-	-	-	-
A0A2S1XZA6|IPR033195(1...175)|Amidinotransferase	89724e887cd6864da0f1ff7b19d410f1	176	PANTHER	PTHR10488	GLYCINE AMIDINOTRANSFERASE, MITOCHONDRIAL	1	175	7.5E-51	T	28-10-2025	IPR033195	Glycine/inosamine-phosphate amidinotransferase	-	-
A0A2S1XZA6|IPR033195(1...175)|Amidinotransferase	89724e887cd6864da0f1ff7b19d410f1	176	SUPERFAMILY	SSF55909	Pentein	1	176	2.55E-41	T	28-10-2025	-	-	-	-
S5LPQ7|IPR033195(2...367)|Amidinotransferase	6cb8d90291c22b82c8eb122b02244a2f	368	SUPERFAMILY	SSF55909	Pentein	2	368	2.14E-97	T	28-10-2025	-	-	-	-
S5LPQ7|IPR033195(2...367)|Amidinotransferase	6cb8d90291c22b82c8eb122b02244a2f	368	PANTHER	PTHR10488	GLYCINE AMIDINOTRANSFERASE, MITOCHONDRIAL	2	367	2.7E-88	T	28-10-2025	IPR033195	Glycine/inosamine-phosphate amidinotransferase	-	-
S5LPQ7|IPR033195(2...367)|Amidinotransferase	6cb8d90291c22b82c8eb122b02244a2f	368	Gene3D	G3DSA:3.75.10.10	-	1	368	8.4E-104	T	28-10-2025	-	-	-	-
A0AA40T103|IPR033195(4...374)|Amidinotransferase	53f116c6d3180e0dab0413cf45aa23b7	375	Gene3D	G3DSA:3.75.10.10	-	2	375	3.7E-112	T	28-10-2025	-	-	-	-
A0AA40T103|IPR033195(4...374)|Amidinotransferase	53f116c6d3180e0dab0413cf45aa23b7	375	SUPERFAMILY	SSF55909	Pentein	14	374	2.75E-88	T	28-10-2025	-	-	-	-
A0AA40T103|IPR033195(4...374)|Amidinotransferase	53f116c6d3180e0dab0413cf45aa23b7	375	PANTHER	PTHR10488	GLYCINE AMIDINOTRANSFERASE, MITOCHONDRIAL	4	374	9.9E-106	T	28-10-2025	IPR033195	Glycine/inosamine-phosphate amidinotransferase	-	-
A0A0F5YIQ3|IPR033195(2...378)|Glycine	c3be30b73d68280afa84f2e4c55eea25	379	Gene3D	G3DSA:3.75.10.10	-	1	378	1.1E-101	T	28-10-2025	-	-	-	-
A0A0F5YIQ3|IPR033195(2...378)|Glycine	c3be30b73d68280afa84f2e4c55eea25	379	PANTHER	PTHR10488	GLYCINE AMIDINOTRANSFERASE, MITOCHONDRIAL	2	378	4.5E-78	T	28-10-2025	IPR033195	Glycine/inosamine-phosphate amidinotransferase	-	-
A0A0F5YIQ3|IPR033195(2...378)|Glycine	c3be30b73d68280afa84f2e4c55eea25	379	SUPERFAMILY	SSF55909	Pentein	1	378	6.6E-85	T	28-10-2025	-	-	-	-
A0A0F5YIQ3|IPR033195(2...378)|Glycine	c3be30b73d68280afa84f2e4c55eea25	379	Coils	Coil	Coil	69	92	-	T	28-10-2025	-	-	-	-
Q2KMY6|IPR033195(38...334)|AoaA	3aeb601a6931f68197d3d7d3887d45fc	334	Gene3D	G3DSA:3.75.10.10	-	1	334	2.3E-86	T	28-10-2025	-	-	-	-
Q2KMY6|IPR033195(38...334)|AoaA	3aeb601a6931f68197d3d7d3887d45fc	334	PANTHER	PTHR10488	GLYCINE AMIDINOTRANSFERASE, MITOCHONDRIAL	38	334	1.0E-75	T	28-10-2025	IPR033195	Glycine/inosamine-phosphate amidinotransferase	-	-
Q2KMY6|IPR033195(38...334)|AoaA	3aeb601a6931f68197d3d7d3887d45fc	334	SUPERFAMILY	SSF55909	Pentein	1	334	1.14E-81	T	28-10-2025	-	-	-	-
A0A552DNI8|IPR033195(10...372)|Amidinotransferase	5b7941f39521c5a5c21f955561fd04b5	372	Gene3D	G3DSA:3.75.10.10	-	5	372	5.3E-119	T	28-10-2025	-	-	-	-
A0A552DNI8|IPR033195(10...372)|Amidinotransferase	5b7941f39521c5a5c21f955561fd04b5	372	SUPERFAMILY	SSF55909	Pentein	17	372	1.96E-104	T	28-10-2025	-	-	-	-
A0A552DNI8|IPR033195(10...372)|Amidinotransferase	5b7941f39521c5a5c21f955561fd04b5	372	CDD	cd21136	amidinotransferase_AGAT-like	18	365	0.0	T	28-10-2025	-	-	-	-
A0A552DNI8|IPR033195(10...372)|Amidinotransferase	5b7941f39521c5a5c21f955561fd04b5	372	PANTHER	PTHR10488	GLYCINE AMIDINOTRANSFERASE, MITOCHONDRIAL	10	372	3.5E-118	T	28-10-2025	IPR033195	Glycine/inosamine-phosphate amidinotransferase	-	-
B4YPJ8|IPR033195(2...236)|Amidinotransferase	66253b742e2d872752160d7bb3f40b07	236	Gene3D	G3DSA:3.75.10.10	-	1	236	6.6E-78	T	28-10-2025	-	-	-	-
B4YPJ8|IPR033195(2...236)|Amidinotransferase	66253b742e2d872752160d7bb3f40b07	236	PANTHER	PTHR10488	GLYCINE AMIDINOTRANSFERASE, MITOCHONDRIAL	2	236	2.9E-74	T	28-10-2025	IPR033195	Glycine/inosamine-phosphate amidinotransferase	-	-
B4YPJ8|IPR033195(2...236)|Amidinotransferase	66253b742e2d872752160d7bb3f40b07	236	SUPERFAMILY	SSF55909	Pentein	2	236	1.92E-64	T	28-10-2025	-	-	-	-
X2KX78|IPR033195(33...347)|Cylindrospermopsin	a08a786c59d6d04d507add4fa264e7db	358	PANTHER	PTHR10488	GLYCINE AMIDINOTRANSFERASE, MITOCHONDRIAL	33	347	6.6E-84	T	28-10-2025	IPR033195	Glycine/inosamine-phosphate amidinotransferase	-	-
X2KX78|IPR033195(33...347)|Cylindrospermopsin	a08a786c59d6d04d507add4fa264e7db	358	Gene3D	G3DSA:3.75.10.10	-	1	348	2.3E-96	T	28-10-2025	-	-	-	-
X2KX78|IPR033195(33...347)|Cylindrospermopsin	a08a786c59d6d04d507add4fa264e7db	358	SUPERFAMILY	SSF55909	Pentein	3	348	1.04E-90	T	28-10-2025	-	-	-	-
X2KX78|IPR033195(33...347)|Cylindrospermopsin	a08a786c59d6d04d507add4fa264e7db	358	Pfam	PF02274	Arginine deiminase	284	339	0.058	T	28-10-2025	-	-	-	-
X2KSR4|IPR033195(33...347)|Cylindrospermopsin	a08a786c59d6d04d507add4fa264e7db	358	PANTHER	PTHR10488	GLYCINE AMIDINOTRANSFERASE, MITOCHONDRIAL	33	347	6.6E-84	T	28-10-2025	IPR033195	Glycine/inosamine-phosphate amidinotransferase	-	-
X2KSR4|IPR033195(33...347)|Cylindrospermopsin	a08a786c59d6d04d507add4fa264e7db	358	Gene3D	G3DSA:3.75.10.10	-	1	348	2.3E-96	T	28-10-2025	-	-	-	-
X2KSR4|IPR033195(33...347)|Cylindrospermopsin	a08a786c59d6d04d507add4fa264e7db	358	SUPERFAMILY	SSF55909	Pentein	3	348	1.04E-90	T	28-10-2025	-	-	-	-
X2KSR4|IPR033195(33...347)|Cylindrospermopsin	a08a786c59d6d04d507add4fa264e7db	358	Pfam	PF02274	Arginine deiminase	284	339	0.058	T	28-10-2025	-	-	-	-
X2KX17|IPR033195(33...347)|Cylindrospermopsin	a08a786c59d6d04d507add4fa264e7db	358	PANTHER	PTHR10488	GLYCINE AMIDINOTRANSFERASE, MITOCHONDRIAL	33	347	6.6E-84	T	28-10-2025	IPR033195	Glycine/inosamine-phosphate amidinotransferase	-	-
X2KX17|IPR033195(33...347)|Cylindrospermopsin	a08a786c59d6d04d507add4fa264e7db	358	Gene3D	G3DSA:3.75.10.10	-	1	348	2.3E-96	T	28-10-2025	-	-	-	-
X2KX17|IPR033195(33...347)|Cylindrospermopsin	a08a786c59d6d04d507add4fa264e7db	358	SUPERFAMILY	SSF55909	Pentein	3	348	1.04E-90	T	28-10-2025	-	-	-	-
X2KX17|IPR033195(33...347)|Cylindrospermopsin	a08a786c59d6d04d507add4fa264e7db	358	Pfam	PF02274	Arginine deiminase	284	339	0.058	T	28-10-2025	-	-	-	-
A0A479ZYA0|IPR033195(3...381)|Amidinotransferase	963eda969ae512dfdb87676403a92858	383	SUPERFAMILY	SSF55909	Pentein	3	381	3.93E-65	T	28-10-2025	-	-	-	-
A0A479ZYA0|IPR033195(3...381)|Amidinotransferase	963eda969ae512dfdb87676403a92858	383	PANTHER	PTHR10488	GLYCINE AMIDINOTRANSFERASE, MITOCHONDRIAL	3	381	2.5E-52	T	28-10-2025	IPR033195	Glycine/inosamine-phosphate amidinotransferase	-	-
A0A479ZYA0|IPR033195(3...381)|Amidinotransferase	963eda969ae512dfdb87676403a92858	383	Gene3D	G3DSA:3.75.10.10	-	2	383	3.4E-82	T	28-10-2025	-	-	-	-
I4FZX4|IPR033195(11...372)|Glycine	47987c955267406fe35fceae2c70e1c6	372	Gene3D	G3DSA:3.75.10.10	-	6	372	1.2E-118	T	28-10-2025	-	-	-	-
I4FZX4|IPR033195(11...372)|Glycine	47987c955267406fe35fceae2c70e1c6	372	SUPERFAMILY	SSF55909	Pentein	17	372	1.96E-104	T	28-10-2025	-	-	-	-
I4FZX4|IPR033195(11...372)|Glycine	47987c955267406fe35fceae2c70e1c6	372	CDD	cd21136	amidinotransferase_AGAT-like	18	365	0.0	T	28-10-2025	-	-	-	-
I4FZX4|IPR033195(11...372)|Glycine	47987c955267406fe35fceae2c70e1c6	372	PANTHER	PTHR10488	GLYCINE AMIDINOTRANSFERASE, MITOCHONDRIAL	11	372	6.1E-118	T	28-10-2025	IPR033195	Glycine/inosamine-phosphate amidinotransferase	-	-
A0A075DP02|IPR033195(32...346)|CyrA	33803f2a9994bcb403d11d88f988c8e4	366	Pfam	PF02274	Arginine deiminase	283	338	0.041	T	28-10-2025	-	-	-	-
A0A075DP02|IPR033195(32...346)|CyrA	33803f2a9994bcb403d11d88f988c8e4	366	Gene3D	G3DSA:3.75.10.10	-	2	347	1.2E-92	T	28-10-2025	-	-	-	-
A0A075DP02|IPR033195(32...346)|CyrA	33803f2a9994bcb403d11d88f988c8e4	366	PANTHER	PTHR10488	GLYCINE AMIDINOTRANSFERASE, MITOCHONDRIAL	32	346	2.4E-80	T	28-10-2025	IPR033195	Glycine/inosamine-phosphate amidinotransferase	-	-
A0A075DP02|IPR033195(32...346)|CyrA	33803f2a9994bcb403d11d88f988c8e4	366	SUPERFAMILY	SSF55909	Pentein	9	347	3.21E-84	T	28-10-2025	-	-	-	-
A0AAU8JK70|IPR033195(21...377)|Amidinotransferase	4fccea3a8cf5fa264e142f254aaa9805	387	CDD	cd21136	amidinotransferase_AGAT-like	22	370	0.0	T	28-10-2025	-	-	-	-
A0AAU8JK70|IPR033195(21...377)|Amidinotransferase	4fccea3a8cf5fa264e142f254aaa9805	387	SUPERFAMILY	SSF55909	Pentein	21	377	5.0E-105	T	28-10-2025	-	-	-	-
A0AAU8JK70|IPR033195(21...377)|Amidinotransferase	4fccea3a8cf5fa264e142f254aaa9805	387	PANTHER	PTHR10488	GLYCINE AMIDINOTRANSFERASE, MITOCHONDRIAL	21	377	0.0	T	28-10-2025	IPR033195	Glycine/inosamine-phosphate amidinotransferase	-	-
A0AAU8JK70|IPR033195(21...377)|Amidinotransferase	4fccea3a8cf5fa264e142f254aaa9805	387	Gene3D	G3DSA:3.75.10.10	-	20	378	1.5E-124	T	28-10-2025	-	-	-	-
A0ABR8EHJ9|IPR033195(21...377)|Amidinotransferase	4fccea3a8cf5fa264e142f254aaa9805	387	CDD	cd21136	amidinotransferase_AGAT-like	22	370	0.0	T	28-10-2025	-	-	-	-
A0ABR8EHJ9|IPR033195(21...377)|Amidinotransferase	4fccea3a8cf5fa264e142f254aaa9805	387	SUPERFAMILY	SSF55909	Pentein	21	377	5.0E-105	T	28-10-2025	-	-	-	-
A0ABR8EHJ9|IPR033195(21...377)|Amidinotransferase	4fccea3a8cf5fa264e142f254aaa9805	387	PANTHER	PTHR10488	GLYCINE AMIDINOTRANSFERASE, MITOCHONDRIAL	21	377	0.0	T	28-10-2025	IPR033195	Glycine/inosamine-phosphate amidinotransferase	-	-
A0ABR8EHJ9|IPR033195(21...377)|Amidinotransferase	4fccea3a8cf5fa264e142f254aaa9805	387	Gene3D	G3DSA:3.75.10.10	-	20	378	1.5E-124	T	28-10-2025	-	-	-	-
B4YPJ5|IPR033195(1...235)|Amidinotransferase	27e94b6ad59e0875efe5c376ef6488ca	235	Gene3D	G3DSA:3.75.10.10	-	1	235	2.2E-77	T	28-10-2025	-	-	-	-
B4YPJ5|IPR033195(1...235)|Amidinotransferase	27e94b6ad59e0875efe5c376ef6488ca	235	PANTHER	PTHR10488	GLYCINE AMIDINOTRANSFERASE, MITOCHONDRIAL	1	235	9.4E-74	T	28-10-2025	IPR033195	Glycine/inosamine-phosphate amidinotransferase	-	-
B4YPJ5|IPR033195(1...235)|Amidinotransferase	27e94b6ad59e0875efe5c376ef6488ca	235	SUPERFAMILY	SSF55909	Pentein	1	235	6.67E-64	T	28-10-2025	-	-	-	-
G3ESY0|IPR033195(3...344)|Inosamine-phosphate	59fe56f1ee9781ad5fbd199ffb824788	345	Gene3D	G3DSA:3.75.10.10	-	2	345	9.8E-104	T	28-10-2025	-	-	-	-
G3ESY0|IPR033195(3...344)|Inosamine-phosphate	59fe56f1ee9781ad5fbd199ffb824788	345	Coils	Coil	Coil	57	77	-	T	28-10-2025	-	-	-	-
G3ESY0|IPR033195(3...344)|Inosamine-phosphate	59fe56f1ee9781ad5fbd199ffb824788	345	PANTHER	PTHR10488	GLYCINE AMIDINOTRANSFERASE, MITOCHONDRIAL	3	344	4.3E-77	T	28-10-2025	IPR033195	Glycine/inosamine-phosphate amidinotransferase	-	-
G3ESY0|IPR033195(3...344)|Inosamine-phosphate	59fe56f1ee9781ad5fbd199ffb824788	345	SUPERFAMILY	SSF55909	Pentein	1	344	4.64E-88	T	28-10-2025	-	-	-	-
A0A2H6BQX3|IPR033195(10...372)|Glycine	2d81187cfd207c560fe4b786d23423d9	372	SUPERFAMILY	SSF55909	Pentein	17	372	1.65E-104	T	28-10-2025	-	-	-	-
A0A2H6BQX3|IPR033195(10...372)|Glycine	2d81187cfd207c560fe4b786d23423d9	372	CDD	cd21136	amidinotransferase_AGAT-like	18	365	0.0	T	28-10-2025	-	-	-	-
A0A2H6BQX3|IPR033195(10...372)|Glycine	2d81187cfd207c560fe4b786d23423d9	372	Gene3D	G3DSA:3.75.10.10	-	5	372	4.5E-119	T	28-10-2025	-	-	-	-
A0A2H6BQX3|IPR033195(10...372)|Glycine	2d81187cfd207c560fe4b786d23423d9	372	PANTHER	PTHR10488	GLYCINE AMIDINOTRANSFERASE, MITOCHONDRIAL	10	372	3.1E-118	T	28-10-2025	IPR033195	Glycine/inosamine-phosphate amidinotransferase	-	-
S3IWB5|IPR033195(10...372)|Inosamine-phosphate	2d81187cfd207c560fe4b786d23423d9	372	SUPERFAMILY	SSF55909	Pentein	17	372	1.65E-104	T	28-10-2025	-	-	-	-
S3IWB5|IPR033195(10...372)|Inosamine-phosphate	2d81187cfd207c560fe4b786d23423d9	372	CDD	cd21136	amidinotransferase_AGAT-like	18	365	0.0	T	28-10-2025	-	-	-	-
S3IWB5|IPR033195(10...372)|Inosamine-phosphate	2d81187cfd207c560fe4b786d23423d9	372	Gene3D	G3DSA:3.75.10.10	-	5	372	4.5E-119	T	28-10-2025	-	-	-	-
S3IWB5|IPR033195(10...372)|Inosamine-phosphate	2d81187cfd207c560fe4b786d23423d9	372	PANTHER	PTHR10488	GLYCINE AMIDINOTRANSFERASE, MITOCHONDRIAL	10	372	3.1E-118	T	28-10-2025	IPR033195	Glycine/inosamine-phosphate amidinotransferase	-	-
A0A3S1AIF3|IPR033195(1...70)|Glycine	028c89a3f503ab18d5c8761c65248053	70	Gene3D	G3DSA:3.75.10.10	-	1	70	3.4E-20	T	28-10-2025	-	-	-	-
A0A3S1AIF3|IPR033195(1...70)|Glycine	028c89a3f503ab18d5c8761c65248053	70	SUPERFAMILY	SSF55909	Pentein	1	70	3.53E-19	T	28-10-2025	-	-	-	-
A0A3S1AIF3|IPR033195(1...70)|Glycine	028c89a3f503ab18d5c8761c65248053	70	PANTHER	PTHR10488	GLYCINE AMIDINOTRANSFERASE, MITOCHONDRIAL	1	70	9.8E-16	T	28-10-2025	IPR033195	Glycine/inosamine-phosphate amidinotransferase	-	-
X2KT37|IPR033195(33...347)|Cylindrospermopsin	2f90efc635766ea358aa27bbd1f5e47f	358	SUPERFAMILY	SSF55909	Pentein	3	348	1.02E-90	T	28-10-2025	-	-	-	-
X2KT37|IPR033195(33...347)|Cylindrospermopsin	2f90efc635766ea358aa27bbd1f5e47f	358	Gene3D	G3DSA:3.75.10.10	-	1	348	7.4E-96	T	28-10-2025	-	-	-	-
X2KT37|IPR033195(33...347)|Cylindrospermopsin	2f90efc635766ea358aa27bbd1f5e47f	358	Pfam	PF02274	Arginine deiminase	283	339	0.046	T	28-10-2025	-	-	-	-
X2KT37|IPR033195(33...347)|Cylindrospermopsin	2f90efc635766ea358aa27bbd1f5e47f	358	PANTHER	PTHR10488	GLYCINE AMIDINOTRANSFERASE, MITOCHONDRIAL	33	347	1.3E-83	T	28-10-2025	IPR033195	Glycine/inosamine-phosphate amidinotransferase	-	-
A4U9X7|IPR033195(3...213)|AoaA	7f1e8449c347918f97855151056c8a64	214	Gene3D	G3DSA:3.75.10.10	-	1	214	3.1E-61	T	28-10-2025	-	-	-	-
A4U9X7|IPR033195(3...213)|AoaA	7f1e8449c347918f97855151056c8a64	214	SUPERFAMILY	SSF55909	Pentein	3	214	1.73E-56	T	28-10-2025	-	-	-	-
A4U9X7|IPR033195(3...213)|AoaA	7f1e8449c347918f97855151056c8a64	214	PANTHER	PTHR10488	GLYCINE AMIDINOTRANSFERASE, MITOCHONDRIAL	3	213	9.4E-53	T	28-10-2025	IPR033195	Glycine/inosamine-phosphate amidinotransferase	-	-
A4U9X7|IPR033195(3...213)|AoaA	7f1e8449c347918f97855151056c8a64	214	Pfam	PF02274	Arginine deiminase	158	213	0.024	T	28-10-2025	-	-	-	-
L7E6G4|IPR033195(11...372)|Glycine	265580d5fcbaaef6330183f39b63c17a	372	SUPERFAMILY	SSF55909	Pentein	17	372	1.0E-104	T	28-10-2025	-	-	-	-
L7E6G4|IPR033195(11...372)|Glycine	265580d5fcbaaef6330183f39b63c17a	372	PANTHER	PTHR10488	GLYCINE AMIDINOTRANSFERASE, MITOCHONDRIAL	11	372	7.4E-118	T	28-10-2025	IPR033195	Glycine/inosamine-phosphate amidinotransferase	-	-
L7E6G4|IPR033195(11...372)|Glycine	265580d5fcbaaef6330183f39b63c17a	372	Gene3D	G3DSA:3.75.10.10	-	6	372	6.4E-119	T	28-10-2025	-	-	-	-
L7E6G4|IPR033195(11...372)|Glycine	265580d5fcbaaef6330183f39b63c17a	372	CDD	cd21136	amidinotransferase_AGAT-like	18	365	0.0	T	28-10-2025	-	-	-	-
B0JFT5|IPR033195(11...372)|Glycine	265580d5fcbaaef6330183f39b63c17a	372	SUPERFAMILY	SSF55909	Pentein	17	372	1.0E-104	T	28-10-2025	-	-	-	-
B0JFT5|IPR033195(11...372)|Glycine	265580d5fcbaaef6330183f39b63c17a	372	PANTHER	PTHR10488	GLYCINE AMIDINOTRANSFERASE, MITOCHONDRIAL	11	372	7.4E-118	T	28-10-2025	IPR033195	Glycine/inosamine-phosphate amidinotransferase	-	-
B0JFT5|IPR033195(11...372)|Glycine	265580d5fcbaaef6330183f39b63c17a	372	Gene3D	G3DSA:3.75.10.10	-	6	372	6.4E-119	T	28-10-2025	-	-	-	-
B0JFT5|IPR033195(11...372)|Glycine	265580d5fcbaaef6330183f39b63c17a	372	CDD	cd21136	amidinotransferase_AGAT-like	18	365	0.0	T	28-10-2025	-	-	-	-
A0A8J7BWY8|IPR033195(3...365)|Amidinotransferase	1849739ecb410c171c35ab503e43e1e9	365	Gene3D	G3DSA:3.75.10.10	-	2	365	2.1E-122	T	28-10-2025	-	-	-	-
A0A8J7BWY8|IPR033195(3...365)|Amidinotransferase	1849739ecb410c171c35ab503e43e1e9	365	SUPERFAMILY	SSF55909	Pentein	13	365	8.03E-105	T	28-10-2025	-	-	-	-
A0A8J7BWY8|IPR033195(3...365)|Amidinotransferase	1849739ecb410c171c35ab503e43e1e9	365	PANTHER	PTHR10488	GLYCINE AMIDINOTRANSFERASE, MITOCHONDRIAL	3	365	7.8E-122	T	28-10-2025	IPR033195	Glycine/inosamine-phosphate amidinotransferase	-	-
A0A8J7BWY8|IPR033195(3...365)|Amidinotransferase	1849739ecb410c171c35ab503e43e1e9	365	CDD	cd21136	amidinotransferase_AGAT-like	14	358	0.0	T	28-10-2025	-	-	-	-
Q10ZR4|IPR033195(2...378)|Glycine	77d3e64c4a531f44fb501163b104b495	379	SUPERFAMILY	SSF55909	Pentein	1	378	1.62E-90	T	28-10-2025	-	-	-	-
Q10ZR4|IPR033195(2...378)|Glycine	77d3e64c4a531f44fb501163b104b495	379	PANTHER	PTHR10488	GLYCINE AMIDINOTRANSFERASE, MITOCHONDRIAL	2	378	4.2E-79	T	28-10-2025	IPR033195	Glycine/inosamine-phosphate amidinotransferase	-	-
Q10ZR4|IPR033195(2...378)|Glycine	77d3e64c4a531f44fb501163b104b495	379	Coils	Coil	Coil	72	92	-	T	28-10-2025	-	-	-	-
Q10ZR4|IPR033195(2...378)|Glycine	77d3e64c4a531f44fb501163b104b495	379	Gene3D	G3DSA:3.75.10.10	-	1	378	2.8E-101	T	28-10-2025	-	-	-	-
A0A4P5ZJH1|IPR033195(2...388)|Glycine	485f567756903f4d92a144925a8d4b63	389	SUPERFAMILY	SSF55909	Pentein	1	388	1.96E-82	T	28-10-2025	-	-	-	-
A0A4P5ZJH1|IPR033195(2...388)|Glycine	485f567756903f4d92a144925a8d4b63	389	Coils	Coil	Coil	79	102	-	T	28-10-2025	-	-	-	-
A0A4P5ZJH1|IPR033195(2...388)|Glycine	485f567756903f4d92a144925a8d4b63	389	Gene3D	G3DSA:3.75.10.10	-	1	388	2.6E-99	T	28-10-2025	-	-	-	-
A0A4P5ZJH1|IPR033195(2...388)|Glycine	485f567756903f4d92a144925a8d4b63	389	PANTHER	PTHR10488	GLYCINE AMIDINOTRANSFERASE, MITOCHONDRIAL	2	388	1.3E-75	T	28-10-2025	IPR033195	Glycine/inosamine-phosphate amidinotransferase	-	-
Q2KMY1|IPR033195(38...332)|AoaA	47893628d4932e0006f381a1713abc5d	334	PANTHER	PTHR10488	GLYCINE AMIDINOTRANSFERASE, MITOCHONDRIAL	38	332	4.4E-76	T	28-10-2025	IPR033195	Glycine/inosamine-phosphate amidinotransferase	-	-
Q2KMY1|IPR033195(38...332)|AoaA	47893628d4932e0006f381a1713abc5d	334	SUPERFAMILY	SSF55909	Pentein	1	332	4.51E-80	T	28-10-2025	-	-	-	-
Q2KMY1|IPR033195(38...332)|AoaA	47893628d4932e0006f381a1713abc5d	334	Gene3D	G3DSA:3.75.10.10	-	1	333	1.5E-85	T	28-10-2025	-	-	-	-
A0AAP5IE30|IPR033195(13...366)|Amidinotransferase	92116c363b2fc3573e8ce36eb7991c8f	366	Gene3D	G3DSA:3.75.10.10	-	3	366	1.2E-124	T	28-10-2025	-	-	-	-
A0AAP5IE30|IPR033195(13...366)|Amidinotransferase	92116c363b2fc3573e8ce36eb7991c8f	366	CDD	cd21136	amidinotransferase_AGAT-like	17	359	0.0	T	28-10-2025	-	-	-	-
A0AAP5IE30|IPR033195(13...366)|Amidinotransferase	92116c363b2fc3573e8ce36eb7991c8f	366	PANTHER	PTHR10488	GLYCINE AMIDINOTRANSFERASE, MITOCHONDRIAL	13	366	0.0	T	28-10-2025	IPR033195	Glycine/inosamine-phosphate amidinotransferase	-	-
A0AAP5IE30|IPR033195(13...366)|Amidinotransferase	92116c363b2fc3573e8ce36eb7991c8f	366	SUPERFAMILY	SSF55909	Pentein	16	366	3.57E-102	T	28-10-2025	-	-	-	-
D6MS40|IPR033195(2...371)|Amidinotransferase	89997c382eddbcb92aa7cd008807ebde	391	PANTHER	PTHR10488	GLYCINE AMIDINOTRANSFERASE, MITOCHONDRIAL	2	371	1.3E-89	T	28-10-2025	IPR033195	Glycine/inosamine-phosphate amidinotransferase	-	-
D6MS40|IPR033195(2...371)|Amidinotransferase	89997c382eddbcb92aa7cd008807ebde	391	SUPERFAMILY	SSF55909	Pentein	4	372	4.64E-99	T	28-10-2025	-	-	-	-
D6MS40|IPR033195(2...371)|Amidinotransferase	89997c382eddbcb92aa7cd008807ebde	391	CDD	cd21136	amidinotransferase_AGAT-like	5	363	0.0	T	28-10-2025	-	-	-	-
D6MS40|IPR033195(2...371)|Amidinotransferase	89997c382eddbcb92aa7cd008807ebde	391	Gene3D	G3DSA:3.75.10.10	-	5	372	6.8E-106	T	28-10-2025	-	-	-	-
D6MS40|IPR033195(2...371)|Amidinotransferase	89997c382eddbcb92aa7cd008807ebde	391	Pfam	PF02274	Arginine deiminase	308	363	0.074	T	28-10-2025	-	-	-	-
D6MS43|IPR033195(2...371)|Amidinotransferase	89997c382eddbcb92aa7cd008807ebde	391	PANTHER	PTHR10488	GLYCINE AMIDINOTRANSFERASE, MITOCHONDRIAL	2	371	1.3E-89	T	28-10-2025	IPR033195	Glycine/inosamine-phosphate amidinotransferase	-	-
D6MS43|IPR033195(2...371)|Amidinotransferase	89997c382eddbcb92aa7cd008807ebde	391	SUPERFAMILY	SSF55909	Pentein	4	372	4.64E-99	T	28-10-2025	-	-	-	-
D6MS43|IPR033195(2...371)|Amidinotransferase	89997c382eddbcb92aa7cd008807ebde	391	CDD	cd21136	amidinotransferase_AGAT-like	5	363	0.0	T	28-10-2025	-	-	-	-
D6MS43|IPR033195(2...371)|Amidinotransferase	89997c382eddbcb92aa7cd008807ebde	391	Gene3D	G3DSA:3.75.10.10	-	5	372	6.8E-106	T	28-10-2025	-	-	-	-
D6MS43|IPR033195(2...371)|Amidinotransferase	89997c382eddbcb92aa7cd008807ebde	391	Pfam	PF02274	Arginine deiminase	308	363	0.074	T	28-10-2025	-	-	-	-
D6MS57|IPR033195(2...371)|Amidinotransferase	89997c382eddbcb92aa7cd008807ebde	391	PANTHER	PTHR10488	GLYCINE AMIDINOTRANSFERASE, MITOCHONDRIAL	2	371	1.3E-89	T	28-10-2025	IPR033195	Glycine/inosamine-phosphate amidinotransferase	-	-
D6MS57|IPR033195(2...371)|Amidinotransferase	89997c382eddbcb92aa7cd008807ebde	391	SUPERFAMILY	SSF55909	Pentein	4	372	4.64E-99	T	28-10-2025	-	-	-	-
D6MS57|IPR033195(2...371)|Amidinotransferase	89997c382eddbcb92aa7cd008807ebde	391	CDD	cd21136	amidinotransferase_AGAT-like	5	363	0.0	T	28-10-2025	-	-	-	-
D6MS57|IPR033195(2...371)|Amidinotransferase	89997c382eddbcb92aa7cd008807ebde	391	Gene3D	G3DSA:3.75.10.10	-	5	372	6.8E-106	T	28-10-2025	-	-	-	-
D6MS57|IPR033195(2...371)|Amidinotransferase	89997c382eddbcb92aa7cd008807ebde	391	Pfam	PF02274	Arginine deiminase	308	363	0.074	T	28-10-2025	-	-	-	-
A0A2S6CQN3|IPR033195(6...364)|Amidinotransferase	1aa250e6f20709f9c0a3db77b7289005	364	SUPERFAMILY	SSF55909	Pentein	13	364	2.14E-101	T	28-10-2025	-	-	-	-
A0A2S6CQN3|IPR033195(6...364)|Amidinotransferase	1aa250e6f20709f9c0a3db77b7289005	364	Gene3D	G3DSA:3.75.10.10	-	3	364	1.7E-123	T	28-10-2025	-	-	-	-
A0A2S6CQN3|IPR033195(6...364)|Amidinotransferase	1aa250e6f20709f9c0a3db77b7289005	364	CDD	cd21136	amidinotransferase_AGAT-like	15	357	0.0	T	28-10-2025	-	-	-	-
A0A2S6CQN3|IPR033195(6...364)|Amidinotransferase	1aa250e6f20709f9c0a3db77b7289005	364	PANTHER	PTHR10488	GLYCINE AMIDINOTRANSFERASE, MITOCHONDRIAL	6	364	0.0	T	28-10-2025	IPR033195	Glycine/inosamine-phosphate amidinotransferase	-	-
B3EYJ9|IPR033195(11...377)|Amidinotransferase	75a7ac8b0424870f1ffda22474d3c417	377	SUPERFAMILY	SSF55909	Pentein	20	377	1.96E-92	T	28-10-2025	-	-	-	-
B3EYJ9|IPR033195(11...377)|Amidinotransferase	75a7ac8b0424870f1ffda22474d3c417	377	Gene3D	G3DSA:3.75.10.10	-	8	377	9.3E-116	T	28-10-2025	-	-	-	-
B3EYJ9|IPR033195(11...377)|Amidinotransferase	75a7ac8b0424870f1ffda22474d3c417	377	PANTHER	PTHR10488	GLYCINE AMIDINOTRANSFERASE, MITOCHONDRIAL	11	377	1.0E-111	T	28-10-2025	IPR033195	Glycine/inosamine-phosphate amidinotransferase	-	-
B3EYJ9|IPR033195(11...377)|Amidinotransferase	75a7ac8b0424870f1ffda22474d3c417	377	CDD	cd21136	amidinotransferase_AGAT-like	21	370	0.0	T	28-10-2025	-	-	-	-
A8WCN3|IPR033195(3...62)|AoaA	221c7b98861c3858aefc74df80556ef3	62	Gene3D	G3DSA:3.75.10.10	-	1	62	2.9E-20	T	28-10-2025	-	-	-	-
A8WCN3|IPR033195(3...62)|AoaA	221c7b98861c3858aefc74df80556ef3	62	Pfam	PF02274	Arginine deiminase	9	59	0.0041	T	28-10-2025	-	-	-	-
A8WCN3|IPR033195(3...62)|AoaA	221c7b98861c3858aefc74df80556ef3	62	PANTHER	PTHR10488	GLYCINE AMIDINOTRANSFERASE, MITOCHONDRIAL	3	62	2.4E-11	T	28-10-2025	IPR033195	Glycine/inosamine-phosphate amidinotransferase	-	-
A8WCN3|IPR033195(3...62)|AoaA	221c7b98861c3858aefc74df80556ef3	62	SUPERFAMILY	SSF55909	Pentein	2	62	1.78E-20	T	28-10-2025	-	-	-	-
A8WBL0|IPR033195(3...62)|AoaA	221c7b98861c3858aefc74df80556ef3	62	Gene3D	G3DSA:3.75.10.10	-	1	62	2.9E-20	T	28-10-2025	-	-	-	-
A8WBL0|IPR033195(3...62)|AoaA	221c7b98861c3858aefc74df80556ef3	62	Pfam	PF02274	Arginine deiminase	9	59	0.0041	T	28-10-2025	-	-	-	-
A8WBL0|IPR033195(3...62)|AoaA	221c7b98861c3858aefc74df80556ef3	62	PANTHER	PTHR10488	GLYCINE AMIDINOTRANSFERASE, MITOCHONDRIAL	3	62	2.4E-11	T	28-10-2025	IPR033195	Glycine/inosamine-phosphate amidinotransferase	-	-
A8WBL0|IPR033195(3...62)|AoaA	221c7b98861c3858aefc74df80556ef3	62	SUPERFAMILY	SSF55909	Pentein	2	62	1.78E-20	T	28-10-2025	-	-	-	-
X2KX87|IPR033195(33...347)|Cylindrospermopsin	ea9fb75f9aa78f4d45917da28f84194e	358	Pfam	PF02274	Arginine deiminase	284	339	0.058	T	28-10-2025	-	-	-	-
X2KX87|IPR033195(33...347)|Cylindrospermopsin	ea9fb75f9aa78f4d45917da28f84194e	358	SUPERFAMILY	SSF55909	Pentein	3	348	1.96E-89	T	28-10-2025	-	-	-	-
X2KX87|IPR033195(33...347)|Cylindrospermopsin	ea9fb75f9aa78f4d45917da28f84194e	358	Gene3D	G3DSA:3.75.10.10	-	1	348	4.5E-95	T	28-10-2025	-	-	-	-
X2KX87|IPR033195(33...347)|Cylindrospermopsin	ea9fb75f9aa78f4d45917da28f84194e	358	PANTHER	PTHR10488	GLYCINE AMIDINOTRANSFERASE, MITOCHONDRIAL	33	347	3.0E-83	T	28-10-2025	IPR033195	Glycine/inosamine-phosphate amidinotransferase	-	-
H9A9V3|IPR033195(2...371)|Amidinotransferase	cdc66e7b9af82154523a1afb6387c07d	391	Gene3D	G3DSA:3.75.10.10	-	5	372	2.2E-105	T	28-10-2025	-	-	-	-
H9A9V3|IPR033195(2...371)|Amidinotransferase	cdc66e7b9af82154523a1afb6387c07d	391	CDD	cd21136	amidinotransferase_AGAT-like	5	363	0.0	T	28-10-2025	-	-	-	-
H9A9V3|IPR033195(2...371)|Amidinotransferase	cdc66e7b9af82154523a1afb6387c07d	391	SUPERFAMILY	SSF55909	Pentein	4	372	1.73E-99	T	28-10-2025	-	-	-	-
H9A9V3|IPR033195(2...371)|Amidinotransferase	cdc66e7b9af82154523a1afb6387c07d	391	PANTHER	PTHR10488	GLYCINE AMIDINOTRANSFERASE, MITOCHONDRIAL	2	371	3.6E-89	T	28-10-2025	IPR033195	Glycine/inosamine-phosphate amidinotransferase	-	-
A0A838WR72|IPR033195(2...388)|Glycine	7fa0c6e6dbba148ccd0e794cd06e2c25	389	Coils	Coil	Coil	82	102	-	T	28-10-2025	-	-	-	-
A0A838WR72|IPR033195(2...388)|Glycine	7fa0c6e6dbba148ccd0e794cd06e2c25	389	PANTHER	PTHR10488	GLYCINE AMIDINOTRANSFERASE, MITOCHONDRIAL	2	388	2.2E-75	T	28-10-2025	IPR033195	Glycine/inosamine-phosphate amidinotransferase	-	-
A0A838WR72|IPR033195(2...388)|Glycine	7fa0c6e6dbba148ccd0e794cd06e2c25	389	SUPERFAMILY	SSF55909	Pentein	1	388	9.99E-83	T	28-10-2025	-	-	-	-
A0A838WR72|IPR033195(2...388)|Glycine	7fa0c6e6dbba148ccd0e794cd06e2c25	389	Gene3D	G3DSA:3.75.10.10	-	1	388	1.4E-98	T	28-10-2025	-	-	-	-
A0A853MDS4|IPR033195(2...388)|Glycine	7fa0c6e6dbba148ccd0e794cd06e2c25	389	Coils	Coil	Coil	82	102	-	T	28-10-2025	-	-	-	-
A0A853MDS4|IPR033195(2...388)|Glycine	7fa0c6e6dbba148ccd0e794cd06e2c25	389	PANTHER	PTHR10488	GLYCINE AMIDINOTRANSFERASE, MITOCHONDRIAL	2	388	2.2E-75	T	28-10-2025	IPR033195	Glycine/inosamine-phosphate amidinotransferase	-	-
A0A853MDS4|IPR033195(2...388)|Glycine	7fa0c6e6dbba148ccd0e794cd06e2c25	389	SUPERFAMILY	SSF55909	Pentein	1	388	9.99E-83	T	28-10-2025	-	-	-	-
A0A853MDS4|IPR033195(2...388)|Glycine	7fa0c6e6dbba148ccd0e794cd06e2c25	389	Gene3D	G3DSA:3.75.10.10	-	1	388	1.4E-98	T	28-10-2025	-	-	-	-
C3RVP0|IPR033195(15...377)|SxtG	9814b0e5a136cb62b1b6394dbbbd5b89	377	PANTHER	PTHR10488	GLYCINE AMIDINOTRANSFERASE, MITOCHONDRIAL	15	377	1.5E-110	T	28-10-2025	IPR033195	Glycine/inosamine-phosphate amidinotransferase	-	-
C3RVP0|IPR033195(15...377)|SxtG	9814b0e5a136cb62b1b6394dbbbd5b89	377	Gene3D	G3DSA:3.75.10.10	-	9	377	1.5E-114	T	28-10-2025	-	-	-	-
C3RVP0|IPR033195(15...377)|SxtG	9814b0e5a136cb62b1b6394dbbbd5b89	377	CDD	cd21136	amidinotransferase_AGAT-like	21	370	0.0	T	28-10-2025	-	-	-	-
C3RVP0|IPR033195(15...377)|SxtG	9814b0e5a136cb62b1b6394dbbbd5b89	377	SUPERFAMILY	SSF55909	Pentein	20	377	9.62E-93	T	28-10-2025	-	-	-	-
B4YPJ2|IPR033195(15...377)|Amidinotransferase	9814b0e5a136cb62b1b6394dbbbd5b89	377	PANTHER	PTHR10488	GLYCINE AMIDINOTRANSFERASE, MITOCHONDRIAL	15	377	1.5E-110	T	28-10-2025	IPR033195	Glycine/inosamine-phosphate amidinotransferase	-	-
B4YPJ2|IPR033195(15...377)|Amidinotransferase	9814b0e5a136cb62b1b6394dbbbd5b89	377	Gene3D	G3DSA:3.75.10.10	-	9	377	1.5E-114	T	28-10-2025	-	-	-	-
B4YPJ2|IPR033195(15...377)|Amidinotransferase	9814b0e5a136cb62b1b6394dbbbd5b89	377	CDD	cd21136	amidinotransferase_AGAT-like	21	370	0.0	T	28-10-2025	-	-	-	-
B4YPJ2|IPR033195(15...377)|Amidinotransferase	9814b0e5a136cb62b1b6394dbbbd5b89	377	SUPERFAMILY	SSF55909	Pentein	20	377	9.62E-93	T	28-10-2025	-	-	-	-
A0A3G2KSM7|IPR033195(15...377)|SxtG	5131b32f13d16325dcdc8dce1037b6d1	377	PANTHER	PTHR10488	GLYCINE AMIDINOTRANSFERASE, MITOCHONDRIAL	15	377	4.9E-113	T	28-10-2025	IPR033195	Glycine/inosamine-phosphate amidinotransferase	-	-
A0A3G2KSM7|IPR033195(15...377)|SxtG	5131b32f13d16325dcdc8dce1037b6d1	377	SUPERFAMILY	SSF55909	Pentein	20	377	2.16E-93	T	28-10-2025	-	-	-	-
A0A3G2KSM7|IPR033195(15...377)|SxtG	5131b32f13d16325dcdc8dce1037b6d1	377	Gene3D	G3DSA:3.75.10.10	-	9	377	1.5E-116	T	28-10-2025	-	-	-	-
A0A3G2KSM7|IPR033195(15...377)|SxtG	5131b32f13d16325dcdc8dce1037b6d1	377	CDD	cd21136	amidinotransferase_AGAT-like	21	370	0.0	T	28-10-2025	-	-	-	-
A0A3G2KSJ2|IPR033195(15...377)|SxtG	5131b32f13d16325dcdc8dce1037b6d1	377	PANTHER	PTHR10488	GLYCINE AMIDINOTRANSFERASE, MITOCHONDRIAL	15	377	4.9E-113	T	28-10-2025	IPR033195	Glycine/inosamine-phosphate amidinotransferase	-	-
A0A3G2KSJ2|IPR033195(15...377)|SxtG	5131b32f13d16325dcdc8dce1037b6d1	377	SUPERFAMILY	SSF55909	Pentein	20	377	2.16E-93	T	28-10-2025	-	-	-	-
A0A3G2KSJ2|IPR033195(15...377)|SxtG	5131b32f13d16325dcdc8dce1037b6d1	377	Gene3D	G3DSA:3.75.10.10	-	9	377	1.5E-116	T	28-10-2025	-	-	-	-
A0A3G2KSJ2|IPR033195(15...377)|SxtG	5131b32f13d16325dcdc8dce1037b6d1	377	CDD	cd21136	amidinotransferase_AGAT-like	21	370	0.0	T	28-10-2025	-	-	-	-
B0CC33|IPR033195(6...367)|Amidinotransferase,	429e8311d6dc0ec82907093d9cfb3bb7	368	CDD	cd21136	amidinotransferase_AGAT-like	18	361	0.0	T	28-10-2025	-	-	-	-
B0CC33|IPR033195(6...367)|Amidinotransferase,	429e8311d6dc0ec82907093d9cfb3bb7	368	Gene3D	G3DSA:3.75.10.10	-	6	368	1.3E-119	T	28-10-2025	-	-	-	-
B0CC33|IPR033195(6...367)|Amidinotransferase,	429e8311d6dc0ec82907093d9cfb3bb7	368	SUPERFAMILY	SSF55909	Pentein	17	367	2.75E-104	T	28-10-2025	-	-	-	-
B0CC33|IPR033195(6...367)|Amidinotransferase,	429e8311d6dc0ec82907093d9cfb3bb7	368	PANTHER	PTHR10488	GLYCINE AMIDINOTRANSFERASE, MITOCHONDRIAL	6	367	5.1E-118	T	28-10-2025	IPR033195	Glycine/inosamine-phosphate amidinotransferase	-	-
A0ABR9U6A8|IPR033195(2...379)|Glycine	bc6505eb3033007682b126f20204d228	380	SUPERFAMILY	SSF55909	Pentein	2	379	4.46E-82	T	28-10-2025	-	-	-	-
A0ABR9U6A8|IPR033195(2...379)|Glycine	bc6505eb3033007682b126f20204d228	380	Gene3D	G3DSA:3.75.10.10	-	1	379	1.1E-98	T	28-10-2025	-	-	-	-
A0ABR9U6A8|IPR033195(2...379)|Glycine	bc6505eb3033007682b126f20204d228	380	PANTHER	PTHR10488	GLYCINE AMIDINOTRANSFERASE, MITOCHONDRIAL	2	379	1.8E-78	T	28-10-2025	IPR033195	Glycine/inosamine-phosphate amidinotransferase	-	-
A0A3N6P5D3|IPR033195(2...125)|PD-(D/E)XK	8b7c1b01a7a88b00400df45b52cd830b	129	Gene3D	G3DSA:3.75.10.10	-	1	129	3.0E-26	T	28-10-2025	-	-	-	-
A0A3N6P5D3|IPR033195(2...125)|PD-(D/E)XK	8b7c1b01a7a88b00400df45b52cd830b	129	PANTHER	PTHR10488	GLYCINE AMIDINOTRANSFERASE, MITOCHONDRIAL	2	125	2.8E-17	T	28-10-2025	IPR033195	Glycine/inosamine-phosphate amidinotransferase	-	-
A0A3N6P5D3|IPR033195(2...125)|PD-(D/E)XK	8b7c1b01a7a88b00400df45b52cd830b	129	SUPERFAMILY	SSF55909	Pentein	26	125	3.26E-18	T	28-10-2025	-	-	-	-
A0A3N6P5D3|IPR033195(2...125)|PD-(D/E)XK	8b7c1b01a7a88b00400df45b52cd830b	129	Coils	Coil	Coil	37	57	-	T	28-10-2025	-	-	-	-
G1DTC3|IPR033195(1...262)|CyrA	a455c3bf6d14f9b205f5d3adf40da732	262	SUPERFAMILY	SSF55909	Pentein	1	262	1.9E-65	T	28-10-2025	-	-	-	-
G1DTC3|IPR033195(1...262)|CyrA	a455c3bf6d14f9b205f5d3adf40da732	262	Gene3D	G3DSA:3.75.10.10	-	1	262	5.1E-71	T	28-10-2025	-	-	-	-
G1DTC3|IPR033195(1...262)|CyrA	a455c3bf6d14f9b205f5d3adf40da732	262	PANTHER	PTHR10488	GLYCINE AMIDINOTRANSFERASE, MITOCHONDRIAL	1	262	4.0E-68	T	28-10-2025	IPR033195	Glycine/inosamine-phosphate amidinotransferase	-	-
A0A4P5ZHI6|IPR033195(2...76)|Glycine	ae347ede4248762db82f75348e1711f2	80	SUPERFAMILY	SSF55909	Pentein	4	78	6.73E-22	T	28-10-2025	-	-	-	-
A0A4P5ZHI6|IPR033195(2...76)|Glycine	ae347ede4248762db82f75348e1711f2	80	Gene3D	G3DSA:3.75.10.10	-	1	80	3.3E-24	T	28-10-2025	-	-	-	-
A0A4P5ZHI6|IPR033195(2...76)|Glycine	ae347ede4248762db82f75348e1711f2	80	PANTHER	PTHR10488	GLYCINE AMIDINOTRANSFERASE, MITOCHONDRIAL	2	76	5.9E-34	T	28-10-2025	IPR033195	Glycine/inosamine-phosphate amidinotransferase	-	-
G1DTC4|IPR033195(6...157)|CyrA	9f7bdc2084551a4cfe636b7efd3d715b	158	Gene3D	G3DSA:3.75.10.10	-	1	158	1.2E-44	T	28-10-2025	-	-	-	-
G1DTC4|IPR033195(6...157)|CyrA	9f7bdc2084551a4cfe636b7efd3d715b	158	PANTHER	PTHR10488	GLYCINE AMIDINOTRANSFERASE, MITOCHONDRIAL	6	157	3.8E-40	T	28-10-2025	IPR033195	Glycine/inosamine-phosphate amidinotransferase	-	-
G1DTC4|IPR033195(6...157)|CyrA	9f7bdc2084551a4cfe636b7efd3d715b	158	SUPERFAMILY	SSF55909	Pentein	3	158	5.3E-42	T	28-10-2025	-	-	-	-
G8FGE8|IPR033195(22...282)|Amidinotransferase	65873101034d476ef42cfb2e26176605	284	Gene3D	G3DSA:3.75.10.10	-	2	283	1.9E-71	T	28-10-2025	-	-	-	-
G8FGE8|IPR033195(22...282)|Amidinotransferase	65873101034d476ef42cfb2e26176605	284	PANTHER	PTHR10488	GLYCINE AMIDINOTRANSFERASE, MITOCHONDRIAL	22	282	1.5E-67	T	28-10-2025	IPR033195	Glycine/inosamine-phosphate amidinotransferase	-	-
G8FGE8|IPR033195(22...282)|Amidinotransferase	65873101034d476ef42cfb2e26176605	284	SUPERFAMILY	SSF55909	Pentein	8	282	1.59E-65	T	28-10-2025	-	-	-	-
A0A1D8TKD3|IPR033195(2...371)|Glycine	0eee67a9663fdfadd1ff3558ed496bea	381	PANTHER	PTHR10488	GLYCINE AMIDINOTRANSFERASE, MITOCHONDRIAL	2	371	4.2E-89	T	28-10-2025	IPR033195	Glycine/inosamine-phosphate amidinotransferase	-	-
A0A1D8TKD3|IPR033195(2...371)|Glycine	0eee67a9663fdfadd1ff3558ed496bea	381	Gene3D	G3DSA:3.75.10.10	-	5	372	1.0E-108	T	28-10-2025	-	-	-	-
A0A1D8TKD3|IPR033195(2...371)|Glycine	0eee67a9663fdfadd1ff3558ed496bea	381	SUPERFAMILY	SSF55909	Pentein	4	371	6.07E-91	T	28-10-2025	-	-	-	-
X2KXA4|IPR033195(33...347)|Cylindrospermopsin	e8700fc2990a5c5a1ee0fa672aa2cec3	358	PANTHER	PTHR10488	GLYCINE AMIDINOTRANSFERASE, MITOCHONDRIAL	33	347	4.3E-84	T	28-10-2025	IPR033195	Glycine/inosamine-phosphate amidinotransferase	-	-
X2KXA4|IPR033195(33...347)|Cylindrospermopsin	e8700fc2990a5c5a1ee0fa672aa2cec3	358	Gene3D	G3DSA:3.75.10.10	-	1	348	2.6E-96	T	28-10-2025	-	-	-	-
X2KXA4|IPR033195(33...347)|Cylindrospermopsin	e8700fc2990a5c5a1ee0fa672aa2cec3	358	Pfam	PF02274	Arginine deiminase	284	339	0.056	T	28-10-2025	-	-	-	-
X2KXA4|IPR033195(33...347)|Cylindrospermopsin	e8700fc2990a5c5a1ee0fa672aa2cec3	358	SUPERFAMILY	SSF55909	Pentein	3	348	9.99E-91	T	28-10-2025	-	-	-	-
B4YPJ6|IPR033195(1...234)|Amidinotransferase	150d652ef1d22051b721ccc47f062d5a	234	PANTHER	PTHR10488	GLYCINE AMIDINOTRANSFERASE, MITOCHONDRIAL	1	234	1.8E-73	T	28-10-2025	IPR033195	Glycine/inosamine-phosphate amidinotransferase	-	-
B4YPJ6|IPR033195(1...234)|Amidinotransferase	150d652ef1d22051b721ccc47f062d5a	234	SUPERFAMILY	SSF55909	Pentein	1	234	2.36E-63	T	28-10-2025	-	-	-	-
B4YPJ6|IPR033195(1...234)|Amidinotransferase	150d652ef1d22051b721ccc47f062d5a	234	Gene3D	G3DSA:3.75.10.10	-	1	234	7.1E-77	T	28-10-2025	-	-	-	-
A0A1D8TX75|IPR033195(3...372)|NarL	3949cab518dcafd22ab626f9e91de180	372	CDD	cd21136	amidinotransferase_AGAT-like	6	365	0.0	T	28-10-2025	-	-	-	-
A0A1D8TX75|IPR033195(3...372)|NarL	3949cab518dcafd22ab626f9e91de180	372	SUPERFAMILY	SSF55909	Pentein	4	372	2.36E-93	T	28-10-2025	-	-	-	-
A0A1D8TX75|IPR033195(3...372)|NarL	3949cab518dcafd22ab626f9e91de180	372	Gene3D	G3DSA:3.75.10.10	-	5	372	5.3E-112	T	28-10-2025	-	-	-	-
A0A1D8TX75|IPR033195(3...372)|NarL	3949cab518dcafd22ab626f9e91de180	372	PANTHER	PTHR10488	GLYCINE AMIDINOTRANSFERASE, MITOCHONDRIAL	3	372	0.0	T	28-10-2025	IPR033195	Glycine/inosamine-phosphate amidinotransferase	-	-
Q2KMY2|IPR033195(38...334)|AoaA	aa0330866f6b0f6568e8aecb43973e83	334	PANTHER	PTHR10488	GLYCINE AMIDINOTRANSFERASE, MITOCHONDRIAL	38	334	1.8E-76	T	28-10-2025	IPR033195	Glycine/inosamine-phosphate amidinotransferase	-	-
Q2KMY2|IPR033195(38...334)|AoaA	aa0330866f6b0f6568e8aecb43973e83	334	Gene3D	G3DSA:3.75.10.10	-	1	334	2.1E-86	T	28-10-2025	-	-	-	-
Q2KMY2|IPR033195(38...334)|AoaA	aa0330866f6b0f6568e8aecb43973e83	334	SUPERFAMILY	SSF55909	Pentein	1	334	2.94E-81	T	28-10-2025	-	-	-	-
A0A8J7IXP7|IPR033195(2...345)|Amidinotransferase	62e79c47a1b7e1382cf61ba76d9608a5	348	PANTHER	PTHR10488	GLYCINE AMIDINOTRANSFERASE, MITOCHONDRIAL	2	345	4.0E-85	T	28-10-2025	IPR033195	Glycine/inosamine-phosphate amidinotransferase	-	-
A0A8J7IXP7|IPR033195(2...345)|Amidinotransferase	62e79c47a1b7e1382cf61ba76d9608a5	348	SUPERFAMILY	SSF55909	Pentein	2	346	1.75E-85	T	28-10-2025	-	-	-	-
A0A8J7IXP7|IPR033195(2...345)|Amidinotransferase	62e79c47a1b7e1382cf61ba76d9608a5	348	Gene3D	G3DSA:3.75.10.10	-	1	348	9.4E-108	T	28-10-2025	-	-	-	-
A0ABW7CDA5|IPR033195(2...345)|Uncharacterized	af7fc533feb6816fa747560cbd6d3083	348	SUPERFAMILY	SSF55909	Pentein	2	345	1.04E-78	T	28-10-2025	-	-	-	-
A0ABW7CDA5|IPR033195(2...345)|Uncharacterized	af7fc533feb6816fa747560cbd6d3083	348	Gene3D	G3DSA:3.75.10.10	-	1	346	9.8E-102	T	28-10-2025	-	-	-	-
A0ABW7CDA5|IPR033195(2...345)|Uncharacterized	af7fc533feb6816fa747560cbd6d3083	348	PANTHER	PTHR10488	GLYCINE AMIDINOTRANSFERASE, MITOCHONDRIAL	2	345	1.8E-76	T	28-10-2025	IPR033195	Glycine/inosamine-phosphate amidinotransferase	-	-
A0A679C136|IPR033195(2...297)|Amidinotransferase	46d37046d3533aaee73680222a9a371e	297	PANTHER	PTHR10488	GLYCINE AMIDINOTRANSFERASE, MITOCHONDRIAL	2	297	2.1E-74	T	28-10-2025	IPR033195	Glycine/inosamine-phosphate amidinotransferase	-	-
A0A679C136|IPR033195(2...297)|Amidinotransferase	46d37046d3533aaee73680222a9a371e	297	SUPERFAMILY	SSF55909	Pentein	3	297	5.89E-75	T	28-10-2025	-	-	-	-
A0A679C136|IPR033195(2...297)|Amidinotransferase	46d37046d3533aaee73680222a9a371e	297	Gene3D	G3DSA:3.75.10.10	-	1	297	5.1E-81	T	28-10-2025	-	-	-	-
Q2KMX9|IPR033195(38...334)|AoaA	7164851414b67b0b909a72d5e4829bc3	334	PANTHER	PTHR10488	GLYCINE AMIDINOTRANSFERASE, MITOCHONDRIAL	38	334	9.2E-77	T	28-10-2025	IPR033195	Glycine/inosamine-phosphate amidinotransferase	-	-
Q2KMX9|IPR033195(38...334)|AoaA	7164851414b67b0b909a72d5e4829bc3	334	SUPERFAMILY	SSF55909	Pentein	1	334	2.55E-81	T	28-10-2025	-	-	-	-
Q2KMX9|IPR033195(38...334)|AoaA	7164851414b67b0b909a72d5e4829bc3	334	Gene3D	G3DSA:3.75.10.10	-	1	334	6.4E-87	T	28-10-2025	-	-	-	-
X2KW44|IPR033195(2...371)|Amidinotransferase	e6e39d89bf2cddc18edaf3bc137fc3c4	391	SUPERFAMILY	SSF55909	Pentein	4	372	3.21E-100	T	28-10-2025	-	-	-	-
X2KW44|IPR033195(2...371)|Amidinotransferase	e6e39d89bf2cddc18edaf3bc137fc3c4	391	PANTHER	PTHR10488	GLYCINE AMIDINOTRANSFERASE, MITOCHONDRIAL	2	371	5.4E-90	T	28-10-2025	IPR033195	Glycine/inosamine-phosphate amidinotransferase	-	-
X2KW44|IPR033195(2...371)|Amidinotransferase	e6e39d89bf2cddc18edaf3bc137fc3c4	391	Pfam	PF02274	Arginine deiminase	308	363	0.066	T	28-10-2025	-	-	-	-
X2KW44|IPR033195(2...371)|Amidinotransferase	e6e39d89bf2cddc18edaf3bc137fc3c4	391	CDD	cd21136	amidinotransferase_AGAT-like	5	363	0.0	T	28-10-2025	-	-	-	-
X2KW44|IPR033195(2...371)|Amidinotransferase	e6e39d89bf2cddc18edaf3bc137fc3c4	391	Gene3D	G3DSA:3.75.10.10	-	5	372	1.1E-106	T	28-10-2025	-	-	-	-
X2KWY1|IPR033195(2...371)|Cylindrospermopsin	e6e39d89bf2cddc18edaf3bc137fc3c4	391	SUPERFAMILY	SSF55909	Pentein	4	372	3.21E-100	T	28-10-2025	-	-	-	-
X2KWY1|IPR033195(2...371)|Cylindrospermopsin	e6e39d89bf2cddc18edaf3bc137fc3c4	391	PANTHER	PTHR10488	GLYCINE AMIDINOTRANSFERASE, MITOCHONDRIAL	2	371	5.4E-90	T	28-10-2025	IPR033195	Glycine/inosamine-phosphate amidinotransferase	-	-
X2KWY1|IPR033195(2...371)|Cylindrospermopsin	e6e39d89bf2cddc18edaf3bc137fc3c4	391	Pfam	PF02274	Arginine deiminase	308	363	0.066	T	28-10-2025	-	-	-	-
X2KWY1|IPR033195(2...371)|Cylindrospermopsin	e6e39d89bf2cddc18edaf3bc137fc3c4	391	CDD	cd21136	amidinotransferase_AGAT-like	5	363	0.0	T	28-10-2025	-	-	-	-
X2KWY1|IPR033195(2...371)|Cylindrospermopsin	e6e39d89bf2cddc18edaf3bc137fc3c4	391	Gene3D	G3DSA:3.75.10.10	-	5	372	1.1E-106	T	28-10-2025	-	-	-	-
X2KVZ7|IPR033195(2...371)|Cylindrospermopsin	e6e39d89bf2cddc18edaf3bc137fc3c4	391	SUPERFAMILY	SSF55909	Pentein	4	372	3.21E-100	T	28-10-2025	-	-	-	-
X2KVZ7|IPR033195(2...371)|Cylindrospermopsin	e6e39d89bf2cddc18edaf3bc137fc3c4	391	PANTHER	PTHR10488	GLYCINE AMIDINOTRANSFERASE, MITOCHONDRIAL	2	371	5.4E-90	T	28-10-2025	IPR033195	Glycine/inosamine-phosphate amidinotransferase	-	-
X2KVZ7|IPR033195(2...371)|Cylindrospermopsin	e6e39d89bf2cddc18edaf3bc137fc3c4	391	Pfam	PF02274	Arginine deiminase	308	363	0.066	T	28-10-2025	-	-	-	-
X2KVZ7|IPR033195(2...371)|Cylindrospermopsin	e6e39d89bf2cddc18edaf3bc137fc3c4	391	CDD	cd21136	amidinotransferase_AGAT-like	5	363	0.0	T	28-10-2025	-	-	-	-
X2KVZ7|IPR033195(2...371)|Cylindrospermopsin	e6e39d89bf2cddc18edaf3bc137fc3c4	391	Gene3D	G3DSA:3.75.10.10	-	5	372	1.1E-106	T	28-10-2025	-	-	-	-
X2KW53|IPR033195(2...371)|Amidinotransferase	e6e39d89bf2cddc18edaf3bc137fc3c4	391	SUPERFAMILY	SSF55909	Pentein	4	372	3.21E-100	T	28-10-2025	-	-	-	-
X2KW53|IPR033195(2...371)|Amidinotransferase	e6e39d89bf2cddc18edaf3bc137fc3c4	391	PANTHER	PTHR10488	GLYCINE AMIDINOTRANSFERASE, MITOCHONDRIAL	2	371	5.4E-90	T	28-10-2025	IPR033195	Glycine/inosamine-phosphate amidinotransferase	-	-
X2KW53|IPR033195(2...371)|Amidinotransferase	e6e39d89bf2cddc18edaf3bc137fc3c4	391	Pfam	PF02274	Arginine deiminase	308	363	0.066	T	28-10-2025	-	-	-	-
X2KW53|IPR033195(2...371)|Amidinotransferase	e6e39d89bf2cddc18edaf3bc137fc3c4	391	CDD	cd21136	amidinotransferase_AGAT-like	5	363	0.0	T	28-10-2025	-	-	-	-
X2KW53|IPR033195(2...371)|Amidinotransferase	e6e39d89bf2cddc18edaf3bc137fc3c4	391	Gene3D	G3DSA:3.75.10.10	-	5	372	1.1E-106	T	28-10-2025	-	-	-	-
G1DTC1|IPR033195(3...253)|CyrA	5a4550556690404eedc915bee3f500e8	254	Gene3D	G3DSA:3.75.10.10	-	2	254	4.0E-66	T	28-10-2025	-	-	-	-
G1DTC1|IPR033195(3...253)|CyrA	5a4550556690404eedc915bee3f500e8	254	SUPERFAMILY	SSF55909	Pentein	3	253	9.62E-61	T	28-10-2025	-	-	-	-
G1DTC1|IPR033195(3...253)|CyrA	5a4550556690404eedc915bee3f500e8	254	PANTHER	PTHR10488	GLYCINE AMIDINOTRANSFERASE, MITOCHONDRIAL	3	253	6.0E-63	T	28-10-2025	IPR033195	Glycine/inosamine-phosphate amidinotransferase	-	-
G8FGE6|IPR033195(15...275)|Amidinotransferase	94134170b1d738f09e5d1bdec8973324	276	PANTHER	PTHR10488	GLYCINE AMIDINOTRANSFERASE, MITOCHONDRIAL	15	275	1.5E-67	T	28-10-2025	IPR033195	Glycine/inosamine-phosphate amidinotransferase	-	-
G8FGE6|IPR033195(15...275)|Amidinotransferase	94134170b1d738f09e5d1bdec8973324	276	SUPERFAMILY	SSF55909	Pentein	5	275	2.94E-65	T	28-10-2025	-	-	-	-
G8FGE6|IPR033195(15...275)|Amidinotransferase	94134170b1d738f09e5d1bdec8973324	276	Gene3D	G3DSA:3.75.10.10	-	3	276	2.7E-71	T	28-10-2025	-	-	-	-
X2KW89|IPR033195(33...347)|Cylindrospermopsin	dcbd456b95c54511103ec7f242b28a30	358	PANTHER	PTHR10488	GLYCINE AMIDINOTRANSFERASE, MITOCHONDRIAL	33	347	7.0E-84	T	28-10-2025	IPR033195	Glycine/inosamine-phosphate amidinotransferase	-	-
X2KW89|IPR033195(33...347)|Cylindrospermopsin	dcbd456b95c54511103ec7f242b28a30	358	Pfam	PF02274	Arginine deiminase	284	339	0.058	T	28-10-2025	-	-	-	-
X2KW89|IPR033195(33...347)|Cylindrospermopsin	dcbd456b95c54511103ec7f242b28a30	358	Gene3D	G3DSA:3.75.10.10	-	1	348	2.7E-96	T	28-10-2025	-	-	-	-
X2KW89|IPR033195(33...347)|Cylindrospermopsin	dcbd456b95c54511103ec7f242b28a30	358	SUPERFAMILY	SSF55909	Pentein	3	348	8.92E-91	T	28-10-2025	-	-	-	-
A0A926VL93|IPR033195(14...374)|Glycine	58a77114012a1c7a04dcd764d552bed7	383	FunFam	G3DSA:3.75.10.10:FF:000005	Glycine amidinotransferase, mitochondrial	16	376	0.0	T	28-10-2025	-	-	-	-
A0A926VL93|IPR033195(14...374)|Glycine	58a77114012a1c7a04dcd764d552bed7	383	CDD	cd21136	amidinotransferase_AGAT-like	18	368	0.0	T	28-10-2025	-	-	-	-
A0A926VL93|IPR033195(14...374)|Glycine	58a77114012a1c7a04dcd764d552bed7	383	PANTHER	PTHR10488	GLYCINE AMIDINOTRANSFERASE, MITOCHONDRIAL	14	374	0.0	T	28-10-2025	IPR033195	Glycine/inosamine-phosphate amidinotransferase	-	-
A0A926VL93|IPR033195(14...374)|Glycine	58a77114012a1c7a04dcd764d552bed7	383	SUPERFAMILY	SSF55909	Pentein	18	374	2.86E-108	T	28-10-2025	-	-	-	-
A0A926VL93|IPR033195(14...374)|Glycine	58a77114012a1c7a04dcd764d552bed7	383	Gene3D	G3DSA:3.75.10.10	-	18	376	0.0	T	28-10-2025	-	-	-	-
A0A1D9G0N3|IPR033195(2...383)|Glycine	c63ceba7ba24ba36a55cc6546c868e66	384	Gene3D	G3DSA:3.75.10.10	-	1	383	1.5E-97	T	28-10-2025	-	-	-	-
A0A1D9G0N3|IPR033195(2...383)|Glycine	c63ceba7ba24ba36a55cc6546c868e66	384	PANTHER	PTHR10488	GLYCINE AMIDINOTRANSFERASE, MITOCHONDRIAL	2	383	1.5E-73	T	28-10-2025	IPR033195	Glycine/inosamine-phosphate amidinotransferase	-	-
A0A1D9G0N3|IPR033195(2...383)|Glycine	c63ceba7ba24ba36a55cc6546c868e66	384	Coils	Coil	Coil	74	94	-	T	28-10-2025	-	-	-	-
A0A1D9G0N3|IPR033195(2...383)|Glycine	c63ceba7ba24ba36a55cc6546c868e66	384	SUPERFAMILY	SSF55909	Pentein	1	383	1.55E-78	T	28-10-2025	-	-	-	-
A0A060GVE3|IPR033195(2...276)|Amidinotransferase	43ece64a05d8e62ecf988339c75e5181	276	SUPERFAMILY	SSF55909	Pentein	1	276	2.16E-74	T	28-10-2025	-	-	-	-
A0A060GVE3|IPR033195(2...276)|Amidinotransferase	43ece64a05d8e62ecf988339c75e5181	276	Gene3D	G3DSA:3.75.10.10	-	1	276	1.2E-92	T	28-10-2025	-	-	-	-
A0A060GVE3|IPR033195(2...276)|Amidinotransferase	43ece64a05d8e62ecf988339c75e5181	276	PANTHER	PTHR10488	GLYCINE AMIDINOTRANSFERASE, MITOCHONDRIAL	2	276	3.2E-85	T	28-10-2025	IPR033195	Glycine/inosamine-phosphate amidinotransferase	-	-
A0A060GNG1|IPR033195(2...276)|Amidinotransferase	43ece64a05d8e62ecf988339c75e5181	276	SUPERFAMILY	SSF55909	Pentein	1	276	2.16E-74	T	28-10-2025	-	-	-	-
A0A060GNG1|IPR033195(2...276)|Amidinotransferase	43ece64a05d8e62ecf988339c75e5181	276	Gene3D	G3DSA:3.75.10.10	-	1	276	1.2E-92	T	28-10-2025	-	-	-	-
A0A060GNG1|IPR033195(2...276)|Amidinotransferase	43ece64a05d8e62ecf988339c75e5181	276	PANTHER	PTHR10488	GLYCINE AMIDINOTRANSFERASE, MITOCHONDRIAL	2	276	3.2E-85	T	28-10-2025	IPR033195	Glycine/inosamine-phosphate amidinotransferase	-	-
A0A401IIY9|IPR033195(10...394)|Glycine	b3d2b63c4681c7c11efae4ec3438c545	395	Gene3D	G3DSA:3.75.10.10	-	4	394	8.4E-98	T	28-10-2025	-	-	-	-
A0A401IIY9|IPR033195(10...394)|Glycine	b3d2b63c4681c7c11efae4ec3438c545	395	Coils	Coil	Coil	88	108	-	T	28-10-2025	-	-	-	-
A0A401IIY9|IPR033195(10...394)|Glycine	b3d2b63c4681c7c11efae4ec3438c545	395	PANTHER	PTHR10488	GLYCINE AMIDINOTRANSFERASE, MITOCHONDRIAL	10	394	2.0E-73	T	28-10-2025	IPR033195	Glycine/inosamine-phosphate amidinotransferase	-	-
A0A401IIY9|IPR033195(10...394)|Glycine	b3d2b63c4681c7c11efae4ec3438c545	395	SUPERFAMILY	SSF55909	Pentein	13	394	9.28E-82	T	28-10-2025	-	-	-	-
Q2KMY0|IPR033195(38...334)|AoaA	6a09f8a530d01a9b7ab38f9f49d02cde	334	MobiDBLite	mobidb-lite	consensus disorder prediction	1	25	-	T	28-10-2025	-	-	-	-
Q2KMY0|IPR033195(38...334)|AoaA	6a09f8a530d01a9b7ab38f9f49d02cde	334	PANTHER	PTHR10488	GLYCINE AMIDINOTRANSFERASE, MITOCHONDRIAL	38	334	8.2E-77	T	28-10-2025	IPR033195	Glycine/inosamine-phosphate amidinotransferase	-	-
Q2KMY0|IPR033195(38...334)|AoaA	6a09f8a530d01a9b7ab38f9f49d02cde	334	Gene3D	G3DSA:3.75.10.10	-	1	334	6.8E-87	T	28-10-2025	-	-	-	-
Q2KMY0|IPR033195(38...334)|AoaA	6a09f8a530d01a9b7ab38f9f49d02cde	334	SUPERFAMILY	SSF55909	Pentein	1	334	7.66E-82	T	28-10-2025	-	-	-	-
F4XWI7|IPR033195(6...372)|N-Dimethylarginine	0ecf570a7f61bae376980a911d8b43ef	372	CDD	cd21136	amidinotransferase_AGAT-like	6	365	0.0	T	28-10-2025	-	-	-	-
F4XWI7|IPR033195(6...372)|N-Dimethylarginine	0ecf570a7f61bae376980a911d8b43ef	372	Gene3D	G3DSA:3.75.10.10	-	5	372	1.2E-108	T	28-10-2025	-	-	-	-
F4XWI7|IPR033195(6...372)|N-Dimethylarginine	0ecf570a7f61bae376980a911d8b43ef	372	PANTHER	PTHR10488	GLYCINE AMIDINOTRANSFERASE, MITOCHONDRIAL	6	372	2.9E-129	T	28-10-2025	IPR033195	Glycine/inosamine-phosphate amidinotransferase	-	-
F4XWI7|IPR033195(6...372)|N-Dimethylarginine	0ecf570a7f61bae376980a911d8b43ef	372	SUPERFAMILY	SSF55909	Pentein	6	372	6.28E-91	T	28-10-2025	-	-	-	-
A0A1D9G1Q5|IPR033195(6...372)|NarL	0ecf570a7f61bae376980a911d8b43ef	372	CDD	cd21136	amidinotransferase_AGAT-like	6	365	0.0	T	28-10-2025	-	-	-	-
A0A1D9G1Q5|IPR033195(6...372)|NarL	0ecf570a7f61bae376980a911d8b43ef	372	Gene3D	G3DSA:3.75.10.10	-	5	372	1.2E-108	T	28-10-2025	-	-	-	-
A0A1D9G1Q5|IPR033195(6...372)|NarL	0ecf570a7f61bae376980a911d8b43ef	372	PANTHER	PTHR10488	GLYCINE AMIDINOTRANSFERASE, MITOCHONDRIAL	6	372	2.9E-129	T	28-10-2025	IPR033195	Glycine/inosamine-phosphate amidinotransferase	-	-
A0A1D9G1Q5|IPR033195(6...372)|NarL	0ecf570a7f61bae376980a911d8b43ef	372	SUPERFAMILY	SSF55909	Pentein	6	372	6.28E-91	T	28-10-2025	-	-	-	-
B4YPK2|IPR033195(1...239)|Amidinotransferase	e14f9b1a8d3b01952caae8e8755c67fa	239	SUPERFAMILY	SSF55909	Pentein	1	239	3.73E-66	T	28-10-2025	-	-	-	-
B4YPK2|IPR033195(1...239)|Amidinotransferase	e14f9b1a8d3b01952caae8e8755c67fa	239	Gene3D	G3DSA:3.75.10.10	-	1	239	9.6E-80	T	28-10-2025	-	-	-	-
B4YPK2|IPR033195(1...239)|Amidinotransferase	e14f9b1a8d3b01952caae8e8755c67fa	239	PANTHER	PTHR10488	GLYCINE AMIDINOTRANSFERASE, MITOCHONDRIAL	1	239	3.3E-76	T	28-10-2025	IPR033195	Glycine/inosamine-phosphate amidinotransferase	-	-
J7I0Q8|IPR033195(2...367)|Amidinotransferase	23aecdffca093ce4000b9ac5053b2450	369	PANTHER	PTHR10488	GLYCINE AMIDINOTRANSFERASE, MITOCHONDRIAL	2	367	8.3E-90	T	28-10-2025	IPR033195	Glycine/inosamine-phosphate amidinotransferase	-	-
J7I0Q8|IPR033195(2...367)|Amidinotransferase	23aecdffca093ce4000b9ac5053b2450	369	Pfam	PF02274	Arginine deiminase	304	359	0.11	T	28-10-2025	-	-	-	-
J7I0Q8|IPR033195(2...367)|Amidinotransferase	23aecdffca093ce4000b9ac5053b2450	369	SUPERFAMILY	SSF55909	Pentein	2	368	6.6E-100	T	28-10-2025	-	-	-	-
J7I0Q8|IPR033195(2...367)|Amidinotransferase	23aecdffca093ce4000b9ac5053b2450	369	Gene3D	G3DSA:3.75.10.10	-	1	368	3.7E-106	T	28-10-2025	-	-	-	-
A0ABU5U3P6|IPR033195(2...378)|Glycine	9f9f01c028aa8ee079c60f0265615b9a	379	SUPERFAMILY	SSF55909	Pentein	1	378	2.5E-85	T	28-10-2025	-	-	-	-
A0ABU5U3P6|IPR033195(2...378)|Glycine	9f9f01c028aa8ee079c60f0265615b9a	379	Gene3D	G3DSA:3.75.10.10	-	1	378	1.6E-101	T	28-10-2025	-	-	-	-
A0ABU5U3P6|IPR033195(2...378)|Glycine	9f9f01c028aa8ee079c60f0265615b9a	379	Coils	Coil	Coil	69	92	-	T	28-10-2025	-	-	-	-
A0ABU5U3P6|IPR033195(2...378)|Glycine	9f9f01c028aa8ee079c60f0265615b9a	379	PANTHER	PTHR10488	GLYCINE AMIDINOTRANSFERASE, MITOCHONDRIAL	2	378	1.5E-78	T	28-10-2025	IPR033195	Glycine/inosamine-phosphate amidinotransferase	-	-
G8FGE3|IPR033195(2...371)|Amidinotransferase	55e4ce5d5b87cf699612812a4d462d93	392	CDD	cd21136	amidinotransferase_AGAT-like	5	364	0.0	T	28-10-2025	-	-	-	-
G8FGE3|IPR033195(2...371)|Amidinotransferase	55e4ce5d5b87cf699612812a4d462d93	392	PANTHER	PTHR10488	GLYCINE AMIDINOTRANSFERASE, MITOCHONDRIAL	2	371	3.4E-88	T	28-10-2025	IPR033195	Glycine/inosamine-phosphate amidinotransferase	-	-
G8FGE3|IPR033195(2...371)|Amidinotransferase	55e4ce5d5b87cf699612812a4d462d93	392	Pfam	PF02274	Arginine deiminase	308	363	0.094	T	28-10-2025	-	-	-	-
G8FGE3|IPR033195(2...371)|Amidinotransferase	55e4ce5d5b87cf699612812a4d462d93	392	SUPERFAMILY	SSF55909	Pentein	4	372	4.64E-100	T	28-10-2025	-	-	-	-
G8FGE3|IPR033195(2...371)|Amidinotransferase	55e4ce5d5b87cf699612812a4d462d93	392	Gene3D	G3DSA:3.75.10.10	-	5	372	4.4E-105	T	28-10-2025	-	-	-	-
Q8L333|IPR033195(2...371)|Amidinotransferase	55e4ce5d5b87cf699612812a4d462d93	392	CDD	cd21136	amidinotransferase_AGAT-like	5	364	0.0	T	28-10-2025	-	-	-	-
Q8L333|IPR033195(2...371)|Amidinotransferase	55e4ce5d5b87cf699612812a4d462d93	392	PANTHER	PTHR10488	GLYCINE AMIDINOTRANSFERASE, MITOCHONDRIAL	2	371	3.4E-88	T	28-10-2025	IPR033195	Glycine/inosamine-phosphate amidinotransferase	-	-
Q8L333|IPR033195(2...371)|Amidinotransferase	55e4ce5d5b87cf699612812a4d462d93	392	Pfam	PF02274	Arginine deiminase	308	363	0.094	T	28-10-2025	-	-	-	-
Q8L333|IPR033195(2...371)|Amidinotransferase	55e4ce5d5b87cf699612812a4d462d93	392	SUPERFAMILY	SSF55909	Pentein	4	372	4.64E-100	T	28-10-2025	-	-	-	-
Q8L333|IPR033195(2...371)|Amidinotransferase	55e4ce5d5b87cf699612812a4d462d93	392	Gene3D	G3DSA:3.75.10.10	-	5	372	4.4E-105	T	28-10-2025	-	-	-	-
Q2KMY7|IPR033195(40...334)|AoaA	85c99df01ee913de3cf587201e0a5717	334	PANTHER	PTHR10488	GLYCINE AMIDINOTRANSFERASE, MITOCHONDRIAL	40	334	2.4E-75	T	28-10-2025	IPR033195	Glycine/inosamine-phosphate amidinotransferase	-	-
Q2KMY7|IPR033195(40...334)|AoaA	85c99df01ee913de3cf587201e0a5717	334	Gene3D	G3DSA:3.75.10.10	-	1	334	4.2E-86	T	28-10-2025	-	-	-	-
Q2KMY7|IPR033195(40...334)|AoaA	85c99df01ee913de3cf587201e0a5717	334	SUPERFAMILY	SSF55909	Pentein	1	334	1.22E-81	T	28-10-2025	-	-	-	-
A0A433UN80|IPR033195(20...377)|Amidinotransferase	daa59c70e3b5f36592e1376ede353497	389	CDD	cd21136	amidinotransferase_AGAT-like	22	370	0.0	T	28-10-2025	-	-	-	-
A0A433UN80|IPR033195(20...377)|Amidinotransferase	daa59c70e3b5f36592e1376ede353497	389	PANTHER	PTHR10488	GLYCINE AMIDINOTRANSFERASE, MITOCHONDRIAL	20	377	0.0	T	28-10-2025	IPR033195	Glycine/inosamine-phosphate amidinotransferase	-	-
A0A433UN80|IPR033195(20...377)|Amidinotransferase	daa59c70e3b5f36592e1376ede353497	389	SUPERFAMILY	SSF55909	Pentein	21	377	3.57E-104	T	28-10-2025	-	-	-	-
A0A433UN80|IPR033195(20...377)|Amidinotransferase	daa59c70e3b5f36592e1376ede353497	389	Gene3D	G3DSA:3.75.10.10	-	21	378	2.2E-125	T	28-10-2025	-	-	-	-
A0AA43KDI8|IPR033195(2...280)|Glycine	7c332e4bf721b8bf14586dfd3b231d5f	300	SUPERFAMILY	SSF55909	Pentein	2	281	2.5E-76	T	28-10-2025	-	-	-	-
A0AA43KDI8|IPR033195(2...280)|Glycine	7c332e4bf721b8bf14586dfd3b231d5f	300	PANTHER	PTHR10488	GLYCINE AMIDINOTRANSFERASE, MITOCHONDRIAL	2	280	8.3E-73	T	28-10-2025	IPR033195	Glycine/inosamine-phosphate amidinotransferase	-	-
A0AA43KDI8|IPR033195(2...280)|Glycine	7c332e4bf721b8bf14586dfd3b231d5f	300	Gene3D	G3DSA:3.75.10.10	-	1	281	1.3E-82	T	28-10-2025	-	-	-	-
A0AA43KDI8|IPR033195(2...280)|Glycine	7c332e4bf721b8bf14586dfd3b231d5f	300	Pfam	PF02274	Arginine deiminase	217	272	0.043	T	28-10-2025	-	-	-	-
A0AAE3KN43|IPR033195(15...377)|Amidinotransferase	266f4924d5738fe5ddc2ac8020fb741b	377	PANTHER	PTHR10488	GLYCINE AMIDINOTRANSFERASE, MITOCHONDRIAL	15	377	2.2E-112	T	28-10-2025	IPR033195	Glycine/inosamine-phosphate amidinotransferase	-	-
A0AAE3KN43|IPR033195(15...377)|Amidinotransferase	266f4924d5738fe5ddc2ac8020fb741b	377	SUPERFAMILY	SSF55909	Pentein	20	377	7.07E-93	T	28-10-2025	-	-	-	-
A0AAE3KN43|IPR033195(15...377)|Amidinotransferase	266f4924d5738fe5ddc2ac8020fb741b	377	Gene3D	G3DSA:3.75.10.10	-	9	377	3.6E-116	T	28-10-2025	-	-	-	-
A0AAE3KN43|IPR033195(15...377)|Amidinotransferase	266f4924d5738fe5ddc2ac8020fb741b	377	CDD	cd21136	amidinotransferase_AGAT-like	21	370	0.0	T	28-10-2025	-	-	-	-
A0A060QTT7|IPR033195(2...287)|Amidinotransferase	1beb75d2b8430845b0c9eb269cab4337	287	Gene3D	G3DSA:3.75.10.10	-	1	287	2.1E-95	T	28-10-2025	-	-	-	-
A0A060QTT7|IPR033195(2...287)|Amidinotransferase	1beb75d2b8430845b0c9eb269cab4337	287	PANTHER	PTHR10488	GLYCINE AMIDINOTRANSFERASE, MITOCHONDRIAL	2	287	4.4E-88	T	28-10-2025	IPR033195	Glycine/inosamine-phosphate amidinotransferase	-	-
A0A060QTT7|IPR033195(2...287)|Amidinotransferase	1beb75d2b8430845b0c9eb269cab4337	287	SUPERFAMILY	SSF55909	Pentein	3	287	1.69E-77	T	28-10-2025	-	-	-	-
A0A060QPC8|IPR033195(2...287)|Amidinotransferase	1beb75d2b8430845b0c9eb269cab4337	287	Gene3D	G3DSA:3.75.10.10	-	1	287	2.1E-95	T	28-10-2025	-	-	-	-
A0A060QPC8|IPR033195(2...287)|Amidinotransferase	1beb75d2b8430845b0c9eb269cab4337	287	PANTHER	PTHR10488	GLYCINE AMIDINOTRANSFERASE, MITOCHONDRIAL	2	287	4.4E-88	T	28-10-2025	IPR033195	Glycine/inosamine-phosphate amidinotransferase	-	-
A0A060QPC8|IPR033195(2...287)|Amidinotransferase	1beb75d2b8430845b0c9eb269cab4337	287	SUPERFAMILY	SSF55909	Pentein	3	287	1.69E-77	T	28-10-2025	-	-	-	-
